variant,global_step,episode,ep_return,ep_len,collisions,min_h,min_gap,pct_h_safe,intervention_rate,mean_correction,infeasible_count,mean_v_ego,mean_u_policy,mean_u_safe,mean_u_diff
Nominal,200,1,-716.0294346219337,200,0,23.29984854528513,72.78697187301128,100.0,0.0,0.0,0,15.176482735770586,-0.2796430017519742,-0.2796430017519742,0.0
Nominal,400,2,-551.6552795390842,200,0,23.59250994011004,70.52065891774458,100.0,1.0,0.0010798939563496624,0,15.64714980633266,-0.020650304788723588,-0.021730198745073252,0.0010798939563496624
Nominal,600,3,-557.2124300074877,200,0,16.480709428949936,79.2966588426741,100.0,1.0,0.00224641504087606,0,21.72419009013038,-0.07473201900720597,-0.07697843404808202,0.00224641504087606
Nominal,800,4,-576.529709733468,200,0,-3.41764450624796,53.95865883659578,66.16915422885572,57.99999999999999,0.8599514465553645,0,22.04940598779039,-0.20518097368068994,-1.0651324202360544,0.8599514465553645
Nominal,1000,5,-564.4554866002248,200,0,-24.950921595065992,34.79289988484836,47.76119402985074,68.0,1.565139477594023,0,23.202278047125652,-0.05655029139947146,-1.6216897689934944,1.565139477594023
Nominal,1112,6,-321.987367664676,112,1,-54.25195509225373,0.0,26.548672566371685,86.60714285714286,2.4978673025968874,39,19.92339904787766,0.02409721165063924,-2.4737700909462483,2.4978673025968874
Nominal,1275,7,-560.1514708793319,163,1,-53.31786891908381,0.0,6.707317073170732,90.1840490797546,2.9563364045623013,25,18.596842758473606,0.11696045318949808,-2.839375951372803,2.9563364045623013
Nominal,1475,8,-499.97067094566137,200,0,-32.88684060320297,31.650482009865474,61.69154228855721,69.0,1.6497599126994293,0,22.917179493818157,0.24672786720097065,-1.403032045498459,1.6497599126994293
Nominal,1675,9,-397.96716229711205,200,0,6.9433908241325355,60.22173404393224,100.0,36.0,0.42166190952803234,0,19.205299892211908,0.0796448058821261,-0.34201710364590626,0.42166190952803234
Nominal,1875,10,-651.3040425016258,200,0,-31.754493602721553,33.86978064507825,36.318407960199,75.5,1.7597886165705714,11,23.575690640752068,0.1486246188171208,-1.6111639977534506,1.7597886165705714
Nominal,2075,11,-482.8407263047594,200,0,-24.333376240429708,40.51447398169419,28.855721393034827,78.0,1.5185265734663533,0,25.281269496756238,0.0032311336137354372,-1.515295439852618,1.5185265734663533
Nominal,2275,12,-464.5756765125642,200,0,11.19833142931315,65.62630065551708,100.0,38.0,0.36673390212276785,0,18.736884095265864,0.02794054079800844,-0.3387933613247594,0.36673390212276785
Nominal,2475,13,-540.9171163631588,200,0,-11.1765282196585,45.979659712954096,77.61194029850746,63.0,1.0766146237903975,0,20.736746682700648,0.01928740399889648,-1.0573272197915011,1.0766146237903975
Nominal,2655,14,-518.5807501429385,180,1,-35.15022366801627,0.0,48.06629834254144,69.44444444444444,2.0415650208466287,30,13.548210530839192,-0.3211614898302489,-2.3627265106768776,2.0415650208466287
Nominal,2855,15,-526.0601717056127,200,0,12.58241065423146,54.84503813825596,100.0,12.0,0.06687863745083479,0,12.342152652278996,0.04515073430724442,-0.021727903143590358,0.06687863745083479
Nominal,3055,16,-567.6840925908333,200,0,2.105694063532056,53.425628694469566,100.0,28.999999999999996,0.30504963419624515,0,16.530994495564453,-0.15186020447872578,-0.4569098386749708,0.30504963419624515
Nominal,3255,17,-510.1003763117461,200,0,29.45813691112619,84.12623248589064,100.0,0.0,0.0,0,21.166464757826258,0.14352101080119609,0.14352101080119609,0.0
Nominal,3455,18,-565.9499816566529,200,0,1.2184517928133047,45.74806767907021,100.0,0.0,0.0,0,13.489963202363125,0.059355688199866564,0.059355688199866564,0.0
Nominal,3655,19,-437.2375345917216,200,0,0.8112533296425823,59.75252275251779,100.0,17.5,0.11851775218791026,0,20.85945311747882,0.10408237253315747,-0.014435379654752794,0.11851775218791026
Nominal,3855,20,-385.691765421973,200,0,6.2038210407007455,54.32157620970872,100.0,41.0,0.48700565906317705,0,16.197936215388488,-0.25454996396321805,-0.7415556230263951,0.48700565906317705
Nominal,4055,21,-464.5237383083973,200,0,0.11575758777154022,66.18896188004527,100.0,35.0,0.7521891421335645,0,22.04373164167451,0.16811572185950355,-0.5840734202740608,0.7521891421335645
Nominal,4255,22,-549.1758310842691,200,0,25.833423907606004,91.49600245459244,100.0,9.0,0.04072966974937801,0,26.615663806037297,0.16205390755087137,0.12132423780149336,0.04072966974937801
Nominal,4455,23,-538.1409171428138,200,0,-8.951639522095668,35.98530006218719,35.82089552238806,55.00000000000001,0.8670943994412568,0,15.369460212417135,-0.4085376883111894,-1.275632087752446,0.8670943994412568
Nominal,4655,24,-501.2851864097119,200,0,-36.386227308063575,30.438094996973174,48.756218905472636,67.5,1.9441125874782548,41,27.0123987239551,0.04628785017877817,-1.8978247372994768,1.9441125874782548
Nominal,4855,25,-487.48680585356664,200,0,-40.56920254767461,15.178953572173326,21.393034825870647,63.0,1.5576542560413877,55,20.09418892992987,-0.45412306850776074,-2.011777324549149,1.5576542560413877
Nominal,5055,26,-557.2520813787562,200,0,-21.97729190462327,46.05788229028192,32.33830845771145,71.5,1.2939681303768693,0,25.457159628503245,0.06834753885865212,-1.2256205915182172,1.2939681303768693
Nominal,5255,27,-601.0778361072105,200,0,-29.755717744566518,4.446219260761531,39.800995024875625,55.00000000000001,1.2061550794021705,43,10.111976984269313,-0.6127408043202013,-1.8188958837223717,1.2061550794021705
Nominal,5455,28,-610.1353445781266,200,0,-12.105438389059422,41.42199945351619,7.960199004975125,60.5,0.9767166299664004,0,18.987434070946332,-0.10733711363747717,-1.0840537436038775,0.9767166299664004
Nominal,5655,29,-530.8062921087255,200,0,-34.899107200759765,33.756814117907325,23.383084577114428,79.5,2.0192525673491155,30,26.69986349142743,-0.1362213318166323,-2.1554738991657483,2.0192525673491155
Nominal,5855,30,-626.7423085304132,200,0,-40.42178942738863,23.791506398148655,17.91044776119403,72.0,1.9841675444679967,49,24.71881089603577,-0.289729163571028,-2.273896708039025,1.9841675444679967
Nominal,6055,31,-496.06355810635347,200,0,-40.49418900723161,13.906735373717943,22.388059701492537,83.0,2.3064606156054945,9,20.97229377044324,-0.2658822369435802,-2.572342852549075,2.3064606156054945
Nominal,6255,32,-514.765459594813,200,0,-21.17964560497093,45.362355670678944,40.79601990049751,66.5,1.2758074989559802,0,24.650613948355506,0.2186206595785916,-1.0571868393773887,1.2758074989559802
Nominal,6364,33,-346.14767675046903,109,1,-50.72983610241579,0.0,50.90909090909091,88.9908256880734,2.5021907788828885,44,19.43153263168786,0.11171204207140371,-2.390478736811485,2.5021907788828885
Nominal,6564,34,-541.6353748602155,200,0,-39.93433798656164,38.38118402279235,8.955223880597014,80.0,1.8667214576618298,9,28.40587329536874,0.31909999538213013,-1.5476214622797,1.8667214576618298
Nominal,6764,35,-546.5236168072015,200,0,-58.96944295045127,10.346275790848496,15.92039800995025,77.5,2.339507558470563,83,27.482455832960955,-0.30590987499803307,-2.645417433468596,2.339507558470563
Nominal,6866,36,-214.07918125055147,102,1,-64.97008972260068,0.0,38.83495145631068,94.11764705882352,3.0355413442676,63,25.735474909761326,0.45997882758577663,-2.5755625166818232,3.0355413442676
Nominal,7066,37,-465.72772850353863,200,0,-67.77550733373255,5.128809258264892,25.37313432835821,93.0,2.9767066582287844,118,32.096696673804715,0.06794349452480673,-2.908763163703978,2.9767066582287844
Nominal,7232,38,-403.41605829665303,166,1,-67.32194176687482,0.0,22.75449101796407,98.19277108433735,3.2649122133376536,111,29.30977490511437,0.09207026629024241,-3.172841947047411,3.2649122133376536
Nominal,7324,39,-205.18640840364336,92,1,-46.02604232859983,0.0,33.33333333333333,97.82608695652173,3.1604302945656038,41,16.304263082491243,0.3555906008240645,-2.804839693741539,3.1604302945656038
Nominal,7427,40,-218.76482573777423,103,1,-79.90337675751238,0.0,35.57692307692308,89.32038834951457,2.922221892236327,49,30.989753069542964,0.6927931775311822,-2.229428714705145,2.922221892236327
Nominal,7627,41,-527.747828005845,200,0,-40.167756392584366,16.084323177744242,1.4925373134328357,84.5,2.268764409483724,0,21.467633542114946,-0.11730311056133359,-2.3860675200450574,2.268764409483724
Nominal,7707,42,-176.47512642846908,80,1,-53.3521279623752,0.0,24.691358024691358,98.75,3.270720065112034,47,20.297239186614338,0.11101908551063389,-3.1597009796014,3.270720065112034
Nominal,7810,43,-179.1155821350492,103,1,-54.7068177312471,0.0,36.53846153846153,100.0,3.552964844553826,59,20.017438672710508,0.5168004440848978,-3.0361644004689285,3.552964844553826
Nominal,8010,44,-532.0380898378099,200,0,-60.27613263177042,4.1662279859847535,15.422885572139302,97.0,3.2006164713484067,90,28.287892635221446,-0.011880972106009722,-3.2124974434544162,3.2006164713484067
Nominal,8127,45,-293.6587740413446,117,1,-60.45582776545447,0.0,11.016949152542372,96.58119658119658,3.588049706801806,68,22.69704847753984,0.21034487551794603,-3.37770483128386,3.588049706801806
Nominal,8245,46,-360.6684373552376,118,1,-66.04537503153264,0.0,39.49579831932773,93.22033898305084,2.968498313675898,57,25.988427543658556,0.3627469220782741,-2.605751391597624,2.968498313675898
Nominal,8383,47,-310.786362493302,138,1,-58.12636769682341,0.0,28.05755395683453,91.30434782608695,3.1247992726974125,53,20.383874013264776,0.4252953321632484,-2.6995039405341648,3.1247992726974125
Nominal,8523,48,-304.3088835896744,140,1,-49.888715318621124,0.0,9.219858156028367,94.28571428571428,2.786373949543543,43,16.500153766059427,0.3620220987924508,-2.4243518507510924,2.786373949543543
Nominal,8652,49,-273.7954343296729,129,1,-62.293817953961806,0.0,41.53846153846154,91.47286821705426,3.0397575211796535,75,23.00264069014008,0.46268481013271234,-2.577072711046941,3.0397575211796535
Nominal,8790,50,-285.3403138469432,138,1,-76.43269523067633,0.0,33.81294964028777,95.65217391304348,3.498329836838062,76,28.68780974244454,0.4961125589957785,-3.0022172778422838,3.498329836838062
Nominal,8927,51,-368.63980529473747,137,1,-75.85885505743157,0.0,18.115942028985508,96.35036496350365,3.593435608191833,81,28.396331876501954,0.5280225414266116,-3.0654130667652213,3.593435608191833
Nominal,9074,52,-388.2946077967288,147,1,-59.244419612427166,0.0,43.91891891891892,86.39455782312925,2.537222506197037,79,24.34950262729532,0.18645028704080452,-2.3507722191562324,2.537222506197037
Nominal,9253,53,-444.7748349805109,179,1,-55.467561863092826,0.0,41.11111111111111,88.8268156424581,2.5885776477731604,84,21.397455169036313,0.24548496286171442,-2.343092684911446,2.5885776477731604
Nominal,9330,54,-158.21878586853342,77,1,-46.395102420209476,0.0,55.12820512820513,88.31168831168831,2.6051986925346906,38,15.920487252248007,0.3478803067625343,-2.257318385772156,2.6051986925346906
Nominal,9457,55,-391.61673616712955,127,1,-44.526675804030205,0.0,7.03125,93.7007874015748,2.9868213254530533,0,15.657183062271947,-0.03291718102991581,-3.0197385064829687,2.9868213254530533
Nominal,9657,56,-527.4173834912756,200,0,-38.596365030981886,3.7606725530219838,10.945273631840797,81.5,2.0166482051851125,36,15.869946424759078,-0.3753603533562273,-2.39200855854134,2.0166482051851125
Nominal,9857,57,-535.6897875341772,200,0,-34.86413319820714,15.111406094998022,34.32835820895522,77.0,1.8281670010593911,0,17.72997654577064,0.13335629995912313,-1.694810701100268,1.8281670010593911
Nominal,10038,58,-496.3194441599633,181,1,-48.544615580165434,0.0,5.4945054945054945,92.26519337016575,2.801440525326003,3,18.121559501207457,-0.04217277570159396,-2.8436133010275975,2.801440525326003
Nominal,10238,59,-486.22473267569575,200,0,-35.96169768883121,25.24711549329698,36.318407960199,81.0,1.9567810591763821,0,23.348969270887046,0.2669615723285824,-1.6898194868478,1.9567810591763821
Nominal,10438,60,-469.1412456381114,200,0,-64.41674124576748,4.658435458095351,17.91044776119403,92.0,2.8266048318679213,86,28.53013224389344,0.02325989693403244,-2.8033449349338895,2.8266048318679213
Nominal,10638,61,-510.80744216410966,200,0,-48.21034895516331,4.285640926819642,8.45771144278607,92.5,2.6680622354051695,14,19.797308014279594,-0.10448756208643317,-2.7725497974916027,2.6680622354051695
Nominal,10838,62,-601.132488743626,200,0,-30.53966482593134,38.01138266545167,3.482587064676617,78.0,1.6942026212622041,0,27.0494846919827,-0.07083878707606345,-1.7650414083382677,1.6942026212622041
Nominal,11038,63,-495.68343108699105,200,0,-50.50888441423517,15.34946091275241,36.81592039800995,86.0,2.55067331892843,25,26.04100583472747,0.15965727823786438,-2.3910160406905656,2.55067331892843
Nominal,11170,64,-356.8550826740677,132,1,-38.6848177976497,0.0,60.150375939849624,71.21212121212122,1.8987901630123911,55,14.287894012966786,-0.12987053954522265,-2.0286607025576138,1.8987901630123911
Nominal,11370,65,-503.8127291854191,200,0,-30.08157178954948,36.638658514874614,28.35820895522388,79.0,1.6997879336252988,0,25.86481050291355,0.0619545273296535,-1.637833406295645,1.6997879336252988
Nominal,11570,66,-541.2266561180098,200,0,-40.756035448685424,15.70221146353241,21.890547263681594,83.0,2.3983267909524226,39,22.109937023498542,-0.22840779153164475,-2.6267345824840675,2.3983267909524226
Nominal,11770,67,-408.6788180727958,200,0,-38.102556117225696,9.704790516893613,36.81592039800995,85.0,2.211621688855628,0,17.95695270675173,0.07262669244781136,-2.1389949964078165,2.211621688855628
Nominal,11970,68,-462.3263851883063,200,0,-19.70282138114188,37.16699810925374,66.66666666666666,64.0,1.1011365838246845,0,18.773459774375752,0.2679984479025006,-0.833138135922184,1.1011365838246845
Nominal,12170,69,-548.8261342278814,200,0,-37.48735700064246,17.468562780763552,26.368159203980102,84.0,2.2131120431508604,0,20.786158042122686,-0.11343426203355193,-2.3265463051844124,2.2131120431508604
Nominal,12370,70,-432.96729250888427,200,0,-35.854897649849306,35.82577021942699,51.741293532338304,75.0,1.9531889903394546,14,28.90633771425462,0.17669717193581164,-1.776491818403643,1.9531889903394546
Nominal,12570,71,-499.0959448139768,200,0,-34.8844234503015,27.259496859157004,8.955223880597014,83.5,1.9607488528104478,0,24.150042520803076,-0.09578257547225803,-2.056531428282706,1.9607488528104478
Nominal,12770,72,-498.7783175540599,200,0,-19.576016371638175,39.124504290258166,43.28358208955223,71.5,1.4116452361368346,0,21.440255782818348,0.15991957873106002,-1.2517256574057747,1.4116452361368346
Nominal,12970,73,-480.96727576812117,200,0,-25.879847807205856,41.2943182055562,43.28358208955223,77.0,1.5465176393588451,0,26.79051184061334,0.06857438211329281,-1.4779432572455524,1.5465176393588451
Nominal,13130,74,-412.8696163428309,160,1,-62.46250059734047,0.0,24.84472049689441,98.75,3.249937201124177,97,25.82070219660827,0.01281000196468085,-3.237127199159496,3.249937201124177
Nominal,13206,75,-210.87919173143155,76,1,-47.990899511687765,0.0,31.16883116883117,97.36842105263158,3.490180845820513,38,15.503317229802839,0.372086936264838,-3.1180939095556743,3.490180845820513
Nominal,13341,76,-390.02536606121095,135,1,-66.11122442299913,0.0,23.52941176470588,96.29629629629629,3.510640639844315,74,24.972835610763717,0.3082731940283406,-3.202367445815975,3.510640639844315
Nominal,13541,77,-506.02813889664526,200,0,-55.145159622202684,10.121012938210853,5.472636815920398,95.0,3.004101880016551,0,25.802284788806354,0.10613074229098857,-2.8979711377255626,3.004101880016551
Nominal,13703,78,-361.50930269707163,162,1,-56.99401078032145,0.0,10.429447852760736,93.20987654320987,2.856916990732717,44,19.608766782919414,0.2532530679183518,-2.6036639228143654,2.856916990732717
Nominal,13847,79,-334.5752876105214,144,1,-57.54623522401584,0.0,35.86206896551724,86.80555555555556,2.729362444935669,69,21.503075197891217,0.190950997471292,-2.538411447464377,2.729362444935669
Nominal,14047,80,-537.5175224048681,200,0,-49.69628320742113,7.114726206877588,57.711442786069654,73.5,2.119731899942767,57,19.000290295478546,0.4092807086184621,-1.7104511913243048,2.119731899942767
Nominal,14192,81,-329.9763350258035,145,1,-51.39176337890705,0.0,43.15068493150685,88.96551724137932,2.776021914560353,65,17.57756260848781,0.33878840998072046,-2.4372335045796327,2.776021914560353
Nominal,14345,82,-397.01490644885405,153,1,-52.39356817789658,0.0,7.142857142857142,94.77124183006535,2.9459092658178343,22,18.305996803646625,0.14543951596163845,-2.800469749856196,2.9459092658178343
Nominal,14471,83,-354.9176863864905,126,1,-61.42689859618781,0.0,44.881889763779526,89.68253968253968,2.8783982097413863,68,23.782725851354318,-0.007141676997499806,-2.885539886738886,2.8783982097413863
Nominal,14579,84,-233.89586311730173,108,1,-52.453563705626195,0.0,44.95412844036697,86.11111111111111,2.552648500836313,46,17.667849292059028,0.3581459853901631,-2.1945025154461497,2.552648500836313
Nominal,14779,85,-329.4105545655821,200,0,-56.94914285813417,25.199882133701042,55.223880597014926,70.0,2.134363538520515,46,30.071777560871162,0.4595009477622807,-1.6748625907582342,2.134363538520515
Nominal,14905,86,-273.5180258728639,126,1,-60.558275245528385,0.0,60.629921259842526,73.01587301587301,2.248644055566934,54,22.17978747918086,0.29942527571545235,-1.9492187798514815,2.248644055566934
Filter_Only,200,1,-716.0294346219337,200,0,23.29984854528513,72.78697187301128,100.0,0.0,0.0,0,15.176482735770586,-0.2796430017519742,-0.2796430017519742,0.0
Filter_Only,400,2,-551.1306990080092,200,0,23.626999828416302,70.52065891774458,100.0,1.0,0.0010272111818138052,0,15.627736576859206,-0.020713037326931954,-0.021740248508745764,0.0010272111818138052
Filter_Only,600,3,-555.5046325282542,200,0,16.508815365782326,79.2966588426741,100.0,1.0,0.00220184080618006,0,21.68791366549624,-0.07426654819399119,-0.07646838900017125,0.00220184080618006
Filter_Only,800,4,-459.7709685681687,200,0,22.205954516601288,79.18706411930584,100.0,22.5,0.19180631095749467,0,20.115717361944316,-0.08401261983439326,-0.27581893079188796,0.19180631095749467
Filter_Only,1000,5,-337.10850953212065,200,0,13.78917707327981,75.26868310280865,100.0,33.5,0.2800618202840229,0,20.859797944993343,0.11130121655762196,-0.1687606037264009,0.2800618202840229
Filter_Only,1200,6,-206.64988363366555,200,0,7.055836097781224,41.39895035144113,100.0,58.5,0.8406030055392383,0,12.412228601472489,0.2582453776150942,-0.5823576279241441,0.8406030055392383
Filter_Only,1400,7,-202.67499185427536,200,0,2.7682306511458066,50.24291526880509,100.0,44.0,0.4419817856220119,0,14.848608685039531,0.3448451690375805,-0.09713661658443146,0.4419817856220119
Filter_Only,1600,8,-342.37160155416524,200,0,18.972118361844906,76.12027254375934,100.0,34.0,0.2802516053438,0,20.365797337664592,0.23451265947893263,-0.04573894586486741,0.2802516053438
Filter_Only,1800,9,-445.3181704577226,200,0,10.172588635981882,74.85983533386525,100.0,28.999999999999996,0.18257304862029586,0,23.972652857618755,0.08079197878018021,-0.1017810698401156,0.18257304862029586
Filter_Only,2000,10,-174.25903168712685,200,0,11.58801860638495,42.83618349856061,100.0,59.5,0.8083327896034876,0,11.002789198734797,0.37560690989717843,-0.4327258797063092,0.8083327896034876
Filter_Only,2200,11,-247.03660074512678,200,0,16.845376254695232,64.3101678838338,100.0,41.0,0.4370971905204252,0,16.061777333142086,0.31189442723989486,-0.12520276328053032,0.4370971905204252
Filter_Only,2400,12,-321.62727122718934,200,0,19.064088675794288,66.31417498747395,100.0,40.0,0.39883917032027055,0,16.20358796932758,0.3031376877427101,-0.09570148257756045,0.39883917032027055
Filter_Only,2600,13,-179.6622304837627,200,0,11.013219697912103,39.56615310822843,100.0,56.49999999999999,0.6982744519835183,0,9.30019544409037,0.20659704264253378,-0.4916774093409847,0.6982744519835183
Filter_Only,2800,14,-433.02510443224617,200,0,12.912544481565504,54.9260188911927,100.0,18.0,0.14850863651545398,0,12.600026227178413,0.08578731829300523,-0.06272131822244875,0.14850863651545398
Filter_Only,3000,15,-404.78404482010035,200,0,3.297333329712103,55.05456081673778,100.0,28.499999999999996,0.30820687275956876,0,16.374662714586954,0.13419791942462325,-0.17400895333494554,0.30820687275956876
Filter_Only,3200,16,-455.18537443677167,200,0,26.686925587399315,90.8481887338165,100.0,6.5,0.014958395097564765,0,26.27173722167361,0.1998544997535646,0.18489610465599982,0.014958395097564765
Filter_Only,3400,17,-457.5770833843185,200,0,3.46454212386179,60.049290523139376,100.0,21.0,0.10841965668181533,0,18.507833005014206,-0.08411986218765378,-0.19253951886946916,0.10841965668181533
Filter_Only,3600,18,-317.3307470649432,200,0,15.8592094189489,77.27162339255477,100.0,36.0,0.2803215064001385,0,22.527303305701615,0.23796956222504378,-0.04235194417509467,0.2803215064001385
Filter_Only,3800,19,-182.54538436034764,200,0,12.518592542883965,67.71320504156026,100.0,37.5,0.3091676924299566,0,19.38266983873527,0.26068034771829846,-0.04848734471165816,0.3091676924299566
Filter_Only,4000,20,-466.95157867719826,200,0,6.775345285173444,54.87528232594481,100.0,6.5,0.05011009091621387,0,14.917711957486668,0.04904227945953608,-0.0010678114566777808,0.05011009091621387
Filter_Only,4200,21,-283.68841558174057,200,0,18.51585609750928,68.20327761272154,100.0,34.5,0.2517964267025683,0,19.165479872403075,0.40440250556915996,0.15260607886659164,0.2517964267025683
Filter_Only,4400,22,-305.0040215003707,200,0,8.604081504358206,66.49514506855675,100.0,32.0,0.26426374875239533,0,23.07510734735076,0.4077634881995618,0.14349973944716654,0.26426374875239533
Filter_Only,4600,23,-143.82151280740217,200,0,2.3279764520113133,58.64869137404216,100.0,53.0,0.8578421252027784,0,22.0558448101121,1.0027890851348638,0.14494695993208573,0.8578421252027784
Filter_Only,4800,24,7.475774178191581,200,0,3.4737460579121304,61.681841532382634,100.0,92.5,1.7930526876294832,0,23.189000892491105,1.6796355426311493,-0.1134171449983339,1.7930526876294832
Filter_Only,5000,25,-1.5330615607145444,200,0,2.8635836627316493,61.33835357125821,100.0,91.5,1.6642820132589315,0,22.63343646102419,1.6497195418924093,-0.014562471366522134,1.6642820132589315
Filter_Only,5200,26,-17.06081166147715,200,0,4.749194171157956,32.05627708590529,100.0,91.5,2.124199640311389,0,10.876838684503399,1.6037917967885733,-0.5204078435228161,2.124199640311389
Filter_Only,5400,27,-21.145232980116564,200,0,3.7929491147230863,52.07428347185975,100.0,86.0,1.4274491728962644,0,16.635902255053143,1.5843750105053187,0.15692583760905432,1.4274491728962644
Filter_Only,5600,28,13.0109728402296,200,0,5.243861159932884,46.751284533164004,100.0,89.0,2.030687606141361,0,16.60614477329966,1.5828313164412975,-0.4478562897000636,2.030687606141361
Filter_Only,5800,29,27.572945077408434,200,0,3.462701653751566,66.99388969679956,100.0,98.0,2.0195239185457154,0,24.846567983198273,1.9907464372366668,-0.028777481309048968,2.0195239185457154
Filter_Only,6000,30,-22.581540965408834,200,0,1.8937071584959995,74.35394795565264,100.0,92.5,1.6964470858531888,0,29.09628425797346,1.9429003323614598,0.246453246508271,1.6964470858531888
Filter_Only,6200,31,-3.3885981464368298,200,0,2.7611415291705868,65.89354976229677,100.0,94.5,1.8673804846574478,0,24.070032664950027,1.9790739308297634,0.1116934461723155,1.8673804846574478
Filter_Only,6400,32,-20.611857061066246,200,0,1.4981693700487426,59.61271844912902,100.0,95.5,2.092055495024689,0,21.67213113323514,1.9713419084995984,-0.12071358652509068,2.092055495024689
Filter_Only,6600,33,12.262951826056769,200,0,3.0232503452051773,62.93278041018005,100.0,96.0,2.1122078664393813,0,23.095719705801375,2.058041534423828,-0.0541663320155533,2.1122078664393813
Filter_Only,6800,34,2.407417104886646,200,0,2.005005123458943,64.22386069713296,100.0,97.0,2.0249356240387493,0,23.891335995675746,2.0477461516857147,0.022810527646965104,2.0249356240387493
Filter_Only,7000,35,29.86743073550532,200,0,3.221290090210772,52.61952955450684,100.0,97.5,1.9398636571790135,0,17.411257374858693,2.0065327888727187,0.06666913169370546,1.9398636571790135
Filter_Only,7200,36,19.383976993695722,200,0,1.4154052013542042,56.382467954396965,100.0,100.0,2.424728658148275,0,20.42364717210181,2.401767239421606,-0.022961418726669285,2.424728658148275
Filter_Only,7400,37,-32.215237948197256,200,0,0.20141493508251074,66.3004051561486,100.0,100.0,2.4261298607480106,0,25.561141754235265,2.4402445293962955,0.014114668648285082,2.4261298607480106
Filter_Only,7600,38,32.90562791038588,200,0,2.7695986765608183,60.62745248341384,100.0,99.5,2.4266211933971418,0,21.84077776277311,2.3339464791119098,-0.09267471428523155,2.4266211933971418
Filter_Only,7800,39,18.979031276963475,200,0,1.2052928380506245,46.46410434967187,100.0,100.0,2.400583652546256,0,15.61469003667448,2.3225250251591207,-0.0780586273871355,2.400583652546256
Filter_Only,8000,40,30.562265529369835,200,0,3.335948692716123,49.77575634050702,100.0,99.0,2.564140845038974,0,21.044380687059974,2.142322834059596,-0.421818010979378,2.564140845038974
Filter_Only,8200,41,-510.982944146601,200,0,29.824070007830784,73.12005143811686,100.0,5.0,0.028578900543942604,0,10.924928279776173,-1.0200502016488462,-1.048629102192789,0.028578900543942604
Filter_Only,8400,42,18.09346446885086,200,0,1.2246833792856506,44.53716131880321,100.0,99.5,2.3993955162755105,0,14.712818013235655,2.311785774976015,-0.0876097412994956,2.3993955162755105
Filter_Only,8600,43,24.65185169895779,200,0,2.349764232664171,54.446166772993415,100.0,99.0,2.255463110960534,0,18.79375566404815,2.365067069679499,0.10960395871896442,2.255463110960534
Filter_Only,8800,44,32.983356943663196,200,0,3.0642892265527237,56.98539050455668,100.0,96.0,2.2105092427482553,0,19.71525354714608,2.193089476749301,-0.017419765998954263,2.2105092427482553
Filter_Only,9000,45,-58.140226176939755,200,0,5.887372578264738,53.4131531564496,100.0,83.5,1.672080274674151,0,16.89860909284606,1.7209138720855117,0.04883359741136089,1.672080274674151
Filter_Only,9200,46,2.4183208669470195,200,0,0.4179899724455538,44.808706257034444,100.0,99.5,2.3049180853196596,0,14.769960423886127,2.308467409014702,0.0035493236950427487,2.3049180853196596
Filter_Only,9400,47,14.729789150214645,200,0,2.152451111869027,40.17153879717845,100.0,96.5,2.0574757011540585,0,12.352469963018853,1.9272845420986413,-0.1301911590554168,2.0574757011540585
Filter_Only,9600,48,21.666561324822954,200,0,2.634139554800818,59.64376699862842,100.0,98.0,2.374242268985752,0,24.456454271722706,2.19869439214468,-0.17554787684107181,2.374242268985752
Filter_Only,9800,49,-32.53692043798428,200,0,0.3353721808518628,65.29861434512212,100.0,100.0,2.3562431071692735,0,26.219380451362316,2.481474880129099,0.12523177295982543,2.3562431071692735
Filter_Only,10000,50,19.04263867348707,200,0,2.292583869330919,57.945589498653334,100.0,94.5,2.2285004363326975,0,21.749455760189097,2.1623080113530158,-0.06619242497968184,2.2285004363326975
Filter_Only,10200,51,-35.7445739166317,200,0,0.18722921282039806,64.42224588908802,100.0,100.0,2.374740957497794,0,26.243846015159757,2.4965865314006805,0.1218455739028869,2.374740957497794
Filter_Only,10400,52,16.820547039056162,200,0,1.2150284564759986,43.733722387121006,100.0,99.0,2.623942291778469,0,15.694296135205974,2.3012079183757304,-0.32273437340273886,2.623942291778469
Filter_Only,10600,53,-272.18361171708875,200,0,23.89112570005682,90.62169386286004,100.0,0.0,0.0,0,7.039143233001818,-3.538951867800206,-3.538951867800206,0.0
Filter_Only,10800,54,-1.3034657405076178,200,0,1.9717218118662885,28.717477053753335,100.0,94.0,1.9529810863603076,0,9.897038901686175,1.579039385020733,-0.37394170133957483,1.9529810863603076
Filter_Only,11000,55,-7.149728021329981,200,0,1.1572785757784132,64.69042123127382,100.0,98.0,2.247196951112106,0,24.477391279527893,2.367626750022173,0.12042979891006671,2.247196951112106
Filter_Only,11200,56,-258.33495270769305,200,0,25.265444291931544,81.45042807465448,100.0,0.0,0.0,0,3.263938055641688,-3.90070445895195,-3.90070445895195,0.0
Filter_Only,11400,57,-260.9679350554081,200,0,28.686915413389627,71.63009738863383,100.0,0.0,0.0,0,1.4219426183132926,-3.9283368661999702,-3.9283368661999702,0.0
Filter_Only,11600,58,-11.651188202381665,200,0,0.1257393360166006,47.08837717931858,100.0,100.0,2.2386727773473836,0,18.037717634975195,2.3740358643233774,0.13536308697599378,2.2386727773473836
Filter_Only,11800,59,-248.29892284731758,200,0,29.51882376010795,91.60638835454381,100.0,0.0,0.0,0,3.807585781533593,-3.9375547498464583,-3.9375547498464583,0.0
Filter_Only,12000,60,-20.512640903036324,200,0,0.3166719657848418,60.422970762770476,100.0,99.0,2.3226924262309994,0,22.697266671821634,2.271502406001091,-0.051190020229908456,2.3226924262309994
Filter_Only,12200,61,-24.824441965919856,200,0,0.4463679720004805,41.30551970484825,100.0,94.5,1.959500373510021,0,12.940979295301272,1.8229543568193913,-0.13654601669062977,1.959500373510021
Filter_Only,12400,62,-243.2533982087437,200,0,26.379138077356195,78.62682586510311,100.0,0.0,0.0,0,2.248925540035148,-3.9876655101776124,-3.9876655101776124,0.0
Filter_Only,12600,63,-296.64424344173494,200,0,15.97518638513165,78.75884365421987,100.0,1.5,0.002758853889127343,0,6.5470731288026265,-3.4660017927363516,-3.468760646625479,0.002758853889127343
Filter_Only,12800,64,-35.23952036977947,200,0,0.9617602148600923,52.00811413092997,100.0,90.5,1.8007787845703036,0,18.072560898603758,1.6851883354038,-0.11559044916650363,1.8007787845703036
Filter_Only,13000,65,-215.18808840045273,200,0,16.14066922883859,64.44680485378437,100.0,0.0,0.0,0,2.0610272725236567,-3.956058214902878,-3.956058214902878,0.0
Filter_Only,13200,66,-34.33627568106557,200,0,1.0709408677267618,64.14340920812383,100.0,95.0,1.7764154506904424,0,25.43575421526543,1.9132969587296247,0.1368815080391824,1.7764154506904424
Filter_Only,13400,67,-263.5119693864276,200,0,15.242939780140055,78.06756156807639,100.0,1.0,0.014632583219814031,0,4.941233142642377,-3.752546548396349,-3.767179131616163,0.014632583219814031
Filter_Only,13600,68,-242.72872126601231,200,0,13.900214528034724,52.29063939685935,100.0,0.0,0.0,0,1.1501258543705333,-3.9175622951984406,-3.9175622951984406,0.0
Filter_Only,13800,69,-19.33187017504158,200,0,0.8831422651174989,41.559107962921786,100.0,89.0,1.407020445365671,0,12.92941665843006,1.3131732873618602,-0.09384715800381066,1.407020445365671
Filter_Only,14000,70,-72.17635186675605,200,0,0.676553527651933,58.55288622787608,100.0,86.5,1.4966328137855713,0,21.246611968336726,1.346471464075148,-0.15016134971042341,1.4966328137855713
Filter_Only,14200,71,-262.2416400271004,200,0,3.851582192251499,52.57665347552609,100.0,12.0,0.14166285095027312,0,6.591793873238475,-2.6322442096471788,-2.773907060597452,0.14166285095027312
Filter_Only,14400,72,-243.27120317929354,200,0,28.856133765079832,68.6364873635986,100.0,0.0,0.0,0,0.9855496556071681,-4.0,-4.0,0.0
Filter_Only,14600,73,-241.96715298991887,200,0,28.308844858124687,89.8572591005871,100.0,0.0,0.0,0,3.515594955462255,-3.983938205242157,-3.983938205242157,0.0
Filter_Only,14800,74,-241.31169796639222,200,0,14.15028553660072,77.40406583855327,100.0,0.0,0.0,0,4.248641449791314,-3.9291048574447633,-3.9291048574447633,0.0
Filter_Only,15000,75,-243.54633903858843,200,0,19.791329008333378,81.36555654326885,100.0,0.0,0.0,0,3.666731122624279,-3.9489847338199615,-3.9489847338199615,0.0
Reward_Only,200,1,-716.0294346219337,200,0,23.29984854528513,72.78697187301128,100.0,0.0,0.0,0,15.176482735770586,-0.2796430017519742,-0.2796430017519742,0.0
Reward_Only,400,2,-551.9943099619471,200,0,23.59250994011004,70.52065891774458,100.0,1.0,0.0010798939563496624,0,15.64714980633266,-0.020650304788723588,-0.021730198745073252,0.0010798939563496624
Reward_Only,600,3,-558.087674083338,200,0,16.480709428949936,79.2966588426741,100.0,1.0,0.00224641504087606,0,21.724259090105555,-0.07473409429192543,-0.07698050933280148,0.00224641504087606
Reward_Only,800,4,-920.1482150242281,200,0,-3.431701731199631,53.942474266626,66.16915422885572,57.99999999999999,0.8606283958497508,0,22.050617025002875,-0.20508104971610008,-1.065709445565851,0.8606283958497508
Reward_Only,1000,5,-1123.0558113355526,200,0,-24.982005299001635,34.76566803310625,47.76119402985074,68.0,1.5662205314756803,0,23.203642447342162,-0.05645399509463459,-1.622674526570315,1.5662205314756803
Reward_Only,1138,6,-974.6655319854787,138,1,-46.374255813586146,0.0,54.67625899280576,78.26086956521739,2.1517454274362677,53,17.669889764049685,-0.26586672962656704,-2.4176121570628344,2.1517454274362677
Reward_Only,1338,7,-1029.536553893576,200,0,-9.969274897704615,36.86821279863278,15.92039800995025,64.0,1.004165827131903,0,16.0767554684158,-0.14068334272131325,-1.1448491698532162,1.004165827131903
Reward_Only,1538,8,-596.9629616569039,200,0,20.06025658310648,76.12027254375934,100.0,26.0,0.18956206656616625,0,20.467791437416828,0.10228403476066887,-0.08727803180549737,0.18956206656616625
Reward_Only,1738,9,-619.2664077880848,200,0,7.2329433582347065,73.57078756488127,100.0,18.5,0.16817451324894306,0,23.73900554427994,-0.09485145669430495,-0.26302596994324806,0.16817451324894306
Reward_Only,1878,10,-1071.2862011263935,140,1,-47.82765479961501,0.0,61.702127659574465,74.28571428571429,2.4692901618234675,51,15.659204788425992,0.02319599636165159,-2.446094165461816,2.4692901618234675
Reward_Only,2078,11,-770.4743097341036,200,0,-2.7695647525199263,45.30992774943804,65.17412935323384,60.0,0.7489685903239044,0,16.989098231766718,-0.17697602486237884,-0.9259446151862832,0.7489685903239044
Reward_Only,2278,12,-627.0213873335987,200,0,28.221073268264675,77.43261262386375,100.0,4.0,0.020620372999327726,0,14.060249747393673,-0.26280528082512317,-0.28342565382445095,0.020620372999327726
Reward_Only,2478,13,-891.4937696265779,200,0,1.5841217498890394,30.9290717139416,100.0,51.0,0.6639124725173932,0,9.883143427811184,-0.39105456285644324,-1.0549670353738363,0.6639124725173932
Reward_Only,2678,14,-658.3199581145963,200,0,13.038545809946783,59.75058311185202,100.0,8.0,0.058857794205816584,0,8.59363059517547,-0.6978422059118747,-0.7567000001176913,0.058857794205816584
Reward_Only,2878,15,-669.9739087388172,200,0,12.766447478491756,54.81351176545072,100.0,1.5,0.0008344915027911276,0,9.457273382938366,-0.278949236702174,-0.27978372820496505,0.0008344915027911276
Reward_Only,3078,16,-626.5044168818353,200,0,3.297333329712103,55.34009203686367,100.0,9.5,0.061877452618953034,0,12.881391800223106,-0.5176155609171837,-0.5794930135361368,0.061877452618953034
Reward_Only,3278,17,-665.7807476031045,200,0,29.45813691112619,84.12623248589064,100.0,0.0,0.0,0,14.931307460878372,-0.4586795763717964,-0.4586795763717964,0.0
Reward_Only,3478,18,-704.0409535168029,200,0,0.918186715652638,45.74806767907021,100.0,1.5,0.008887810914035532,0,8.659672293480519,-0.37211802205536515,-0.3810058329694007,0.008887810914035532
Reward_Only,3678,19,-546.020880508275,200,0,0.8112533296425823,59.75252275251779,100.0,0.5,0.0062735054972684785,0,17.165244125223584,-0.2302705942117609,-0.2365440997090294,0.0062735054972684785
Reward_Only,3878,20,-515.9342284802749,200,0,25.491239877801547,74.08659420531413,100.0,4.5,0.021719940745159826,0,11.81378395351598,-0.5493345046229661,-0.5710544453681259,0.021719940745159826
Reward_Only,4078,21,-578.2961056361986,200,0,21.85498437357152,81.20355979146511,100.0,0.0,0.0,0,18.137792411743895,-0.23026565067470073,-0.23026565067470073,0.0
Reward_Only,4278,22,-609.7058874043277,200,0,26.123501050469372,91.49600245459244,100.0,0.0,0.0,0,22.485356156699066,-0.20568651447072625,-0.20568651447072625,0.0
Reward_Only,4478,23,-572.2993878349424,200,0,5.118012112556471,54.00162670714178,100.0,18.5,0.16995816388950957,0,13.328737207895118,-0.4706254241522402,-0.6405835880417498,0.16995816388950957
Reward_Only,4678,24,-1211.471057254309,200,0,-39.26418563766358,29.02424021533508,50.74626865671642,73.5,2.0931764289897243,25,27.09646325122899,0.16905542909167706,-1.9241209998980475,2.0931764289897243
Reward_Only,4878,25,-1108.2775653845913,200,0,-29.147451665700782,22.515101233831643,22.885572139303484,83.0,1.78388079176933,24,20.771988467286125,-0.32371505703311415,-2.107595848802444,1.78388079176933
Reward_Only,5078,26,-1038.3693437108045,200,0,-23.419516717891334,42.53549476610097,41.7910447761194,71.0,1.3911408144894504,0,25.749670841308635,0.1646965058799833,-1.2264443086094672,1.3911408144894504
Reward_Only,5278,27,-960.6914041959069,200,0,-11.09037929283064,19.919970850380125,46.26865671641791,51.5,0.9417773523518891,5,10.184555760981418,-0.5066298394743353,-1.4484071918262242,0.9417773523518891
Reward_Only,5478,28,-990.4032020560271,200,0,-10.846973806848041,42.95740390562055,11.442786069651742,60.0,0.9370584965619188,0,19.039798087089913,-0.07955897653475404,-1.0166174730966728,0.9370584965619188
Reward_Only,5678,29,-1216.8926878099232,200,0,-26.252639516134387,39.15687049698683,29.850746268656714,81.5,1.8602939660218758,0,26.839576616875387,0.01770954149309546,-1.8425844245287806,1.8602939660218758
Reward_Only,5878,30,-1262.0676575731181,200,0,-26.32130548455089,35.93756744408557,19.900497512437813,79.0,1.8196850010490464,0,24.863769255756562,-0.1520371942454949,-1.9717221952945414,1.8196850010490464
Reward_Only,6078,31,-1168.778356307167,200,0,-32.00693111320339,21.837050317741788,34.82587064676617,78.5,1.9338691931632745,0,20.78101714378321,-0.18587016064673662,-2.119739353810011,1.9338691931632745
Reward_Only,6278,32,-839.4188754983387,200,0,-14.117628481417455,52.859015772558365,66.66666666666666,56.49999999999999,0.9530007305557945,0,24.27930501099437,0.23529589003883303,-0.7177048405169615,0.9530007305557945
Reward_Only,6417,33,-935.6203835239322,139,1,-34.60599608475219,0.0,50.71428571428571,82.01438848920863,1.8088948554683513,53,16.64005171831251,-0.5902119056194377,-2.3991067610877885,1.8088948554683513
Reward_Only,6617,34,-1035.5198311681772,200,0,-26.837217230631218,45.09063906475221,42.78606965174129,73.0,1.462565194460413,0,28.055821461457118,0.15580658555030824,-1.3067586089101046,1.462565194460413
Reward_Only,6817,35,-1029.6516348366777,200,0,-12.060097716727917,54.24226622109981,28.855721393034827,71.0,1.234368422251135,0,26.48545919344584,0.013049450973048805,-1.2213189712780863,1.234368422251135
Reward_Only,7017,36,-1138.7605945470439,200,0,-25.134889362750513,24.77456588283715,27.860696517412936,67.5,1.5576429383081691,0,19.25756927848341,-0.3386061205808073,-1.8962490588889764,1.5576429383081691
Reward_Only,7217,37,-987.983774391932,200,0,-18.838317542195952,47.147780721736495,30.845771144278604,68.5,1.340477634161574,0,25.847131444949593,-0.02666674758773297,-1.367144381749307,1.340477634161574
Reward_Only,7417,38,-784.1332131779969,200,0,-6.243835201488771,28.157456665430107,67.66169154228857,56.49999999999999,0.813777482587155,0,10.039516441931989,-0.21388971604872495,-1.02766719863588,0.813777482587155
Reward_Only,7617,39,-943.5021507281948,200,0,-22.203136842655425,29.611576419982313,38.80597014925373,58.5,1.0954589514060806,33,21.614730704380904,-0.5818966609984636,-1.6773556124045443,1.0954589514060806
Reward_Only,7817,40,-931.4566511039842,200,0,-20.348650043557072,44.36863226947694,46.766169154228855,70.5,1.3339886042969455,0,27.059760650184927,-0.17655341422185303,-1.5105420185187988,1.3339886042969455
Reward_Only,8017,41,-829.4015279606964,200,0,-6.9006880618586415,22.33809523052866,65.67164179104478,46.5,0.6818322122741819,0,8.356630290614696,-0.6214291736204177,-1.3032613858945996,0.6818322122741819
Reward_Only,8217,42,-795.8621249554068,200,0,-2.196115469789646,66.55749544052914,83.5820895522388,56.49999999999999,0.6863062156322344,0,26.22578578954176,0.06472632013261319,-0.6215798954996212,0.6863062156322344
Reward_Only,8417,43,-732.7345814632405,200,0,-3.2942757666233575,65.8587028787205,86.06965174129353,53.0,0.6726637941793778,0,26.183960900792346,0.08396409209817648,-0.5886997020812014,0.6726637941793778
Reward_Only,8617,44,-501.0299337247395,200,0,4.4961669053848965,55.033253286846524,100.0,37.5,0.41751118995622505,0,18.505044142165982,0.05365104622207582,-0.3638601437341492,0.41751118995622505
Reward_Only,8817,45,-610.9905963184083,200,0,0.35828238323107797,62.12084531682092,100.0,47.0,0.5216042138668956,0,22.51144602156913,0.04691778999753296,-0.4746864238693626,0.5216042138668956
Reward_Only,9017,46,-961.0615782141016,200,0,-14.471741104009148,38.72589598743104,49.25373134328358,56.49999999999999,1.0397991157601125,0,20.37663996109457,-0.341267014387995,-1.3810661301481075,1.0397991157601125
Reward_Only,9217,47,-629.4745046135603,200,0,6.227735958132207,52.387377692455864,100.0,22.5,0.22075934149785922,0,14.20564791510676,0.09530886830762028,-0.12545047319023891,0.22075934149785922
Reward_Only,9417,48,-532.3061398629376,200,0,17.009733007134344,85.73835730155142,100.0,28.000000000000004,0.2124410435335323,0,25.648882415253027,0.08118804858997464,-0.13125299494355766,0.2124410435335323
Reward_Only,9617,49,-484.3274986019957,200,0,1.0757564592551248,47.815841586877745,100.0,6.5,0.03703418510333313,0,15.662086087789168,0.02438627738505602,-0.012647907718277108,0.03703418510333313
Reward_Only,9817,50,-555.4843547074041,200,0,7.453151333670682,55.120951056226296,100.0,14.499999999999998,0.10040390866940588,0,14.695704748827632,-0.05807666372507811,-0.15848057239448402,0.10040390866940588
Reward_Only,10017,51,-553.698036552943,200,0,2.7186951871592697,70.36557406997674,100.0,24.0,0.20434318959403786,0,24.971960533198327,0.05696266351733357,-0.14738052607670432,0.20434318959403786
Reward_Only,10217,52,-484.3657641659032,200,0,23.206743353336904,66.4535417989956,100.0,0.5,0.0007829681101141128,0,15.052834945661337,0.12730860663577914,0.12652563852566504,0.0007829681101141128
Reward_Only,10417,53,-510.1601849943967,200,0,20.9681089164051,80.76093556024689,100.0,18.5,0.11342434517966092,0,22.100950811999994,-0.12405616054311394,-0.23748050572277485,0.11342434517966092
Reward_Only,10617,54,-458.915337361983,200,0,9.024153390864576,54.2714152743576,100.0,2.0,0.007050608302656124,0,12.140269979591823,-0.1683478633221239,-0.17539847162478,0.007050608302656124
Reward_Only,10817,55,-635.1868567584114,200,0,19.931293256700137,77.99955821779584,100.0,11.5,0.1029938422545827,0,19.191716893503536,-0.5267067907843739,-0.6297006330389566,0.1029938422545827
Reward_Only,11017,56,-519.0184357220547,200,0,20.502620957143357,71.3325842073664,100.0,0.0,0.0,0,15.938096841929823,0.04965561443939805,0.04965561443939805,0.0
Reward_Only,11217,57,-649.3975214601344,200,0,22.613298374847957,69.89678233338908,100.0,5.5,0.06016727884943354,0,12.82111199400649,-0.22033704079687597,-0.2805043196463095,0.06016727884943354
Reward_Only,11417,58,-629.9731823872717,200,0,-1.851983898848772,39.30909302596068,89.05472636815921,11.5,0.1682413107735784,0,8.525812280923077,-0.26227875240147114,-0.43052006317504954,0.1682413107735784
Reward_Only,11617,59,-553.4930263023718,200,0,9.377347321239938,57.40666140643167,100.0,7.000000000000001,0.044202483428524134,0,12.456077057190914,-0.4161873662052676,-0.46038984963379176,0.044202483428524134
Reward_Only,11817,60,-483.28832665606535,200,0,13.037686077990472,64.62078706101724,100.0,20.5,0.12516343959685752,0,17.675491184192364,-0.4824355168454349,-0.6075989564422924,0.12516343959685752
Reward_Only,12017,61,-475.1245657968642,200,0,5.97121451832367,66.24595552789542,100.0,3.0,0.021354709052082758,0,20.702053908056566,-0.016408498319797217,-0.03776320737187998,0.021354709052082758
Reward_Only,12217,62,-543.9030155303368,200,0,12.577633762889285,72.51469556490781,100.0,13.5,0.0747981443464338,0,21.514114731972004,-0.07062425883719697,-0.14542240318363078,0.0747981443464338
Reward_Only,12417,63,-444.4326888313511,200,0,6.120292098531678,66.84840256563352,100.0,10.0,0.05631389484884838,0,21.789192909026095,0.085241496572271,0.02892760172342264,0.05631389484884838
Reward_Only,12617,64,-497.1061591718533,200,0,18.543968829175178,61.562412659044035,100.0,11.5,0.06862177815550462,0,12.880084984746919,-0.09423115101642907,-0.16285292917193367,0.06862177815550462
Reward_Only,12817,65,-524.5572134462747,200,0,28.210269350956914,74.76107139686363,100.0,6.5,0.024593169551214364,0,17.171204017756022,0.14900459738448263,0.12441142783326826,0.024593169551214364
Reward_Only,13017,66,-471.7612654370312,200,0,9.484856827796563,65.19426770455857,100.0,12.0,0.05509312312488494,0,21.37841589273643,0.15887277434580027,0.10377965122091533,0.05509312312488494
Reward_Only,13217,67,-562.827251418419,200,0,11.633005185497119,55.33365730046045,100.0,11.0,0.08264315688909814,0,12.623147755238493,-0.022019079653546214,-0.10466223654264435,0.08264315688909814
Reward_Only,13417,68,-685.2513038479821,200,0,16.162129987406423,59.629464899960794,100.0,33.0,0.2567779897612597,0,14.174939018995827,-0.03146432094275951,-0.28824231070401923,0.2567779897612597
Reward_Only,13617,69,-461.8922614955911,200,0,13.235503403535866,55.537584001742324,100.0,4.0,0.019144578307021782,0,13.45170527473452,0.07947556713595987,0.060330988828938066,0.019144578307021782
Reward_Only,13817,70,-469.79725461903405,200,0,27.723313916900437,68.90513286605754,100.0,13.5,0.04591130766468124,0,13.76298558274156,0.08980288579128683,0.04389157812660558,0.04591130766468124
Reward_Only,14017,71,-623.6593164996491,200,0,0.809902276605186,54.84666867586157,100.0,12.5,0.09274660814139853,0,17.54101232586859,-0.050868544287513945,-0.14361515242891248,0.09274660814139853
Reward_Only,14217,72,-468.37539694066163,200,0,19.26231000557774,76.3019384637186,100.0,4.0,0.01523712314036607,0,21.937232271221912,0.05949652434326708,0.04425940120290102,0.01523712314036607
Reward_Only,14417,73,-565.9505627416237,200,0,8.03442168647669,50.40416197773577,100.0,2.0,0.01206431992015252,0,12.043599557253206,-0.03557316119782627,-0.04763748111797879,0.01206431992015252
Reward_Only,14617,74,-460.8840127627353,200,0,1.6199036888001643,44.19119780676933,100.0,1.0,0.0024386488375984605,0,12.211896048248088,-0.006853539403527975,-0.009292188241126417,0.0024386488375984605
Reward_Only,14817,75,-452.6001085357114,200,0,23.785800477872158,64.89243589463877,100.0,8.5,0.0225668226434762,0,12.373297975658545,-0.06872039700858296,-0.09128721965205916,0.0225668226434762
Dual_CBF_RL,200,1,-716.0294346219337,200,0,23.29984854528513,72.78697187301128,100.0,0.0,0.0,0,15.176482735770586,-0.2796430017519742,-0.2796430017519742,0.0
Dual_CBF_RL,400,2,-551.4559773637578,200,0,23.626999828416302,70.52065891774458,100.0,1.0,0.0010272111818138052,0,15.627736576859206,-0.020713037326931954,-0.021740248508745764,0.0010272111818138052
Dual_CBF_RL,600,3,-556.4424794012521,200,0,16.508815365782326,79.2966588426741,100.0,1.0,0.00220184080618006,0,21.68444424754034,-0.07490907162427902,-0.07711091243045909,0.00220184080618006
Dual_CBF_RL,800,4,-553.1590598668766,200,0,22.223169388064264,79.20878352064958,100.0,22.0,0.19116859579159928,0,20.111760429215725,-0.08521492056548595,-0.2763835163570853,0.19116859579159928
Dual_CBF_RL,1000,5,-474.693984784133,200,0,13.789552427569816,75.28660671799985,100.0,33.5,0.2790392046757208,0,20.857463021931103,0.11010972758755087,-0.16892947708816994,0.2790392046757208
Dual_CBF_RL,1200,6,-557.5547093851361,200,0,7.084122322825259,41.6398934500353,100.0,57.99999999999999,0.818425948634451,0,12.393219200191776,0.23389560475945473,-0.5845303438749961,0.818425948634451
Dual_CBF_RL,1400,7,-406.5758290581419,200,0,2.7682306511458066,50.24822069273845,100.0,42.0,0.4161119755925178,0,14.797732090141057,0.315626613702625,-0.1004853618898928,0.4161119755925178
Dual_CBF_RL,1600,8,-499.0791692030822,200,0,20.53278390305116,76.12027254375934,100.0,28.999999999999996,0.22537320147705217,0,20.212428973943513,0.15676050385460258,-0.06861269762244959,0.22537320147705217
Dual_CBF_RL,1800,9,-560.1747358611711,200,0,10.19290141659198,74.88958665257852,100.0,21.0,0.1274906733422757,0,23.74635653975856,0.008279997054487467,-0.11921067628778821,0.1274906733422757
Dual_CBF_RL,2000,10,-494.50343072757886,200,0,14.303371986327747,45.37861371172701,100.0,51.5,0.6597087442505386,0,10.852751962635287,0.2118000467121601,-0.4479086975383785,0.6597087442505386
Dual_CBF_RL,2200,11,-580.4762439829249,200,0,20.479578589789085,69.00492338813797,100.0,12.0,0.07667901851865042,0,14.598869512738043,-0.16920501202344895,-0.24588403054209934,0.07667901851865042
Dual_CBF_RL,2400,12,-615.6134183109457,200,0,28.050324837265215,75.95653013104244,100.0,10.5,0.06420787351898728,0,14.69121069311965,-0.18804452387150378,-0.25225239739049105,0.06420787351898728
Dual_CBF_RL,2600,13,-505.02542933822076,200,0,17.34724163483333,46.362781714729906,100.0,29.5,0.29973365545882463,0,8.636740315020658,-0.26114825923228635,-0.560881914691111,0.29973365545882463
Dual_CBF_RL,2800,14,-589.2225391102801,200,0,12.912544481565504,54.93677779564748,100.0,6.0,0.040851666776620006,0,10.660044026084185,-0.2208647639118135,-0.26171643068843353,0.040851666776620006
Dual_CBF_RL,3000,15,-614.2462594739081,200,0,3.297333329712103,55.357680681553276,100.0,16.5,0.18567958790333045,0,15.242542304093234,-0.1317353307362646,-0.31741491863959503,0.18567958790333045
Dual_CBF_RL,3200,16,-511.61265826588783,200,0,26.686925587399315,90.8481887338165,100.0,0.0,0.0,0,23.49485947349293,-0.03242086430080235,-0.03242086430080235,0.0
Dual_CBF_RL,3400,17,-610.0592963746049,200,0,3.46454212386179,60.31631743970116,100.0,4.5,0.03338551686437851,0,15.96171502721225,-0.383905502515845,-0.4172910193802235,0.03338551686437851
Dual_CBF_RL,3600,18,-495.21924340285113,200,0,19.727968399505905,81.23907595039348,100.0,12.5,0.0753105300743992,0,21.082472299387415,-0.1293533281958662,-0.20466385827026543,0.0753105300743992
Dual_CBF_RL,3800,19,-423.3288998102554,200,0,14.598480575931468,68.63171615050328,100.0,8.5,0.059438399982793086,0,17.863175414478626,-0.14784992627333848,-0.20728832625613158,0.059438399982793086
Dual_CBF_RL,4000,20,-573.2483405897705,200,0,6.888757980488087,54.87528232594481,100.0,2.5,0.025973020285159257,0,11.22120476588919,-0.31462829322787,-0.3406013135130293,0.025973020285159257
Dual_CBF_RL,4200,21,-515.8939598390788,200,0,20.6934932564579,68.20327761272154,100.0,4.0,0.02344184579695564,0,17.411870473433464,0.04688721132464707,0.02344536552769143,0.02344184579695564
Dual_CBF_RL,4400,22,-508.83406360622075,200,0,8.604081504358206,66.49514506855675,100.0,0.5,9.663631066963774e-05,0,20.77570511908599,0.10499366946518421,0.10489703315451457,9.663631066963774e-05
Dual_CBF_RL,4600,23,-504.33751445064314,200,0,2.3279764520113133,58.64869137404216,100.0,36.5,0.5519945453604042,0,21.342390977261008,0.7632782031223178,0.21128365776191366,0.5519945453604042
Dual_CBF_RL,4800,24,-570.6009957835455,200,0,4.39143072718209,62.930202698767445,100.0,84.0,1.4379609175443984,0,23.114911374357526,1.3235964962095021,-0.11436442133489604,1.4379609175443984
Dual_CBF_RL,5000,25,-556.1533344658671,200,0,4.202070409644882,62.77072653738693,100.0,82.5,1.3048245953619022,0,22.562071615927177,1.2892319138348103,-0.01559268152709219,1.3048245953619022
Dual_CBF_RL,5200,26,-650.840538431045,200,0,7.8785192620197435,34.89143974255306,100.0,79.5,1.5654191952987822,0,10.735054068664672,1.0376572909206152,-0.5277619043781668,1.5654191952987822
Dual_CBF_RL,5400,27,-512.4390597335364,200,0,6.797860723324213,53.07263091952312,100.0,69.5,0.9578146306845248,0,16.47193456166968,1.112583535760641,0.1547689050761163,0.9578146306845248
Dual_CBF_RL,5600,28,-604.1929897092323,200,0,8.409932338233816,50.327495892888805,100.0,74.0,1.329374592444784,0,16.2999672304782,0.8574587904661893,-0.47191580197859445,1.329374592444784
Dual_CBF_RL,5800,29,-476.84312720760994,200,0,6.645728037484496,70.40651261740459,100.0,79.0,1.0610635606564986,0,24.676028151217878,1.0246722282469272,-0.03639133240957145,1.0610635606564986
Dual_CBF_RL,6000,30,-414.86174112404086,200,0,7.334900235391714,76.08175780190766,100.0,63.0,0.7463406426373744,0,28.778376587577206,1.0177610233053564,0.27142038066798213,0.7463406426373744
Dual_CBF_RL,6200,31,-467.0090879910385,200,0,13.589760543332623,72.25443092956617,100.0,22.5,0.15052696529802914,0,22.840113942765786,0.20382025400176645,0.05329328870373728,0.15052696529802914
Dual_CBF_RL,6400,32,-462.01835982080956,200,0,4.9565253683288475,64.00967854547665,100.0,40.0,0.3465887919318061,0,20.78814341438369,0.17935615251772105,-0.16723263941408503,0.3465887919318061
Dual_CBF_RL,6600,33,-486.93404559651117,200,0,12.97367903813877,74.4558414304587,100.0,50.0,0.5828616629044044,0,22.526345108591848,0.5680111390724778,-0.014850523831926594,0.5828616629044044
Dual_CBF_RL,6800,34,-410.23836178280766,200,0,9.264385479252951,71.92366080813579,100.0,60.0,0.6293437206555806,0,23.44940832791283,0.664113847464323,0.034770126808742335,0.6293437206555806
Dual_CBF_RL,7000,35,-425.177102520348,200,0,8.857776486364656,58.39060105997279,100.0,69.5,0.8441892344388745,0,17.12280674110073,0.8974652495980263,0.05327601515915182,0.8441892344388745
Dual_CBF_RL,7200,36,-410.015860784861,200,0,8.409815524349668,63.94647947143467,100.0,61.0,0.6530209552413464,0,19.955217325554905,0.6321673182398081,-0.020853637001538246,0.6530209552413464
Dual_CBF_RL,7400,37,-393.1379105745978,200,0,1.4734083963379732,67.03772803011678,100.0,49.5,0.5517632633002916,0,24.97675053710624,0.5962825525552035,0.04451928925491181,0.5517632633002916
Dual_CBF_RL,7600,38,-385.59211284732163,200,0,14.033462578758375,71.03348213706005,100.0,46.0,0.49238567996309784,0,21.01323071968471,0.3624602821841836,-0.12992539777891415,0.49238567996309784
Dual_CBF_RL,7800,39,-335.0529597022957,200,0,8.151601197602737,53.72724082389735,100.0,56.00000000000001,0.5865267818884514,0,15.14758088924931,0.48083637975156307,-0.10569040213688831,0.5865267818884514
Dual_CBF_RL,8000,40,-430.7284038062267,200,0,11.053943345492335,57.885594390957074,100.0,57.99999999999999,0.7859154484599435,0,20.629172341088125,0.3392606577835977,-0.4466547906763458,0.7859154484599435
Dual_CBF_RL,8200,41,-518.8956663259287,200,0,19.26300797918738,63.78849752342764,100.0,37.0,0.3511402423392285,0,15.112608876029519,0.3639491092972457,0.01280886695801717,0.3511402423392285
Dual_CBF_RL,8400,42,-455.93924530522145,200,0,8.380326970618071,53.874949045552675,100.0,41.5,0.3445559188025398,0,13.862729321949153,0.26488973820582035,-0.07966618059671948,0.3445559188025398
Dual_CBF_RL,8600,43,-308.2082891864149,200,0,16.5142610781985,64.31572425092648,100.0,27.500000000000004,0.23837028711861272,0,17.914333554846873,0.2934766827337444,0.05510639561513164,0.23837028711861272
Dual_CBF_RL,8800,44,-393.37883153731326,200,0,17.707702699041576,72.27071160964833,100.0,34.0,0.2785733556173237,0,18.95580501495823,0.2713563936762512,-0.007216961941072562,0.2785733556173237
Dual_CBF_RL,9000,45,-470.33872611553517,200,0,17.39201871932307,65.14944445631079,100.0,46.0,0.39830945788086863,0,16.25124028960743,0.3927447124198079,-0.0055647454610607385,0.39830945788086863
Dual_CBF_RL,9200,46,-527.1648297460017,200,0,3.1041507824180457,47.35289411920524,100.0,17.5,0.112352990355507,0,13.192536658044428,0.16194300108589232,0.04959001073038536,0.112352990355507
Dual_CBF_RL,9400,47,-488.16253738371427,200,0,11.257341298166239,51.67594545660455,100.0,21.0,0.1776619009077405,0,11.113876277424747,0.023205122123472394,-0.1544567787842681,0.1776619009077405
Dual_CBF_RL,9600,48,-484.8480505937494,200,0,18.75633360116717,82.78787611863757,100.0,18.0,0.12278594703316383,0,22.946828926598112,-0.14683622582815586,-0.2696221728613197,0.12278594703316383
Dual_CBF_RL,9800,49,-435.7965408559777,200,0,2.5031571483319226,65.29861434512212,100.0,2.0,0.007289221519778271,0,23.9714225168519,0.12342872993089259,0.1161395084111143,0.007289221519778271
Dual_CBF_RL,10000,50,-518.4856663903831,200,0,14.482718356453717,72.92971106937199,100.0,19.5,0.12806589182944145,0,20.47417828641021,0.054027830148115755,-0.0740380616813257,0.12806589182944145
Dual_CBF_RL,10200,51,-412.60718244142953,200,0,1.3974448961670376,64.42224588908802,100.0,2.0,0.007849463034475007,0,23.0109593897136,-0.04170888051390648,-0.04955834354838149,0.007849463034475007
Dual_CBF_RL,10400,52,-434.7072967540806,200,0,8.647160425338562,57.73003395273001,100.0,32.0,0.3023084494866305,0,14.666542856323089,-0.08614699454978109,-0.38845544403641163,0.3023084494866305
Dual_CBF_RL,10600,53,-422.82433013905745,200,0,23.89112570005682,90.62169386286004,100.0,0.0,0.0,0,25.87707272258856,0.10531187161803246,0.10531187161803246,0.0
Dual_CBF_RL,10800,54,-590.0810039371822,200,0,8.413160010282425,48.646105040878055,100.0,22.0,0.23245301867346968,0,8.65805328106675,-0.2181107131578028,-0.4505637318312725,0.23245301867346968
Dual_CBF_RL,11000,55,-489.07108350568194,200,0,8.107982689891266,66.82393338898402,100.0,0.5,0.004213820877510187,0,20.709298491325796,0.09776262117549778,0.09354880029798758,0.004213820877510187
Dual_CBF_RL,11200,56,-603.7582128595883,200,0,23.76587733632404,77.40091531068335,100.0,8.5,0.08558180733977372,0,17.381598428151158,-0.07977789660915732,-0.165359703948931,0.08558180733977372
Dual_CBF_RL,11400,57,-525.2997908709981,200,0,28.56975682993354,71.63009738863383,100.0,8.5,0.050987432827543346,0,13.789219314896332,0.0472810844425112,-0.0037063483850321346,0.050987432827543346
Dual_CBF_RL,11600,58,-461.3254191037888,200,0,0.9384956050229718,47.08837717931858,100.0,1.5,0.002771493688496599,0,15.558394416286731,0.07946159469662234,0.07669010100812575,0.002771493688496599
Dual_CBF_RL,11800,59,-448.88929815332534,200,0,29.418453105939335,91.60638835454381,100.0,0.5,0.0004965987164331498,0,24.803914979763977,0.09287518911296502,0.09237859039653187,0.0004965987164331498
Dual_CBF_RL,12000,60,-491.08385044997436,200,0,1.9418980196512976,63.74279486031197,100.0,6.0,0.039244434655495895,0,20.276480496779577,-0.13227174072992057,-0.17151617538541647,0.039244434655495895
Dual_CBF_RL,12200,61,-530.4205455677914,200,0,0.5295350570523851,43.26413816541791,100.0,20.5,0.17200613504662343,0,11.441966587823263,-0.052767493082210425,-0.2247736281288338,0.17200613504662343
Dual_CBF_RL,12400,62,-461.8422434300982,200,0,26.11534669658264,78.49216551180454,100.0,3.5000000000000004,0.009046239867552498,0,18.257484531807645,0.03130878895055503,0.02226254908300253,0.009046239867552498
Dual_CBF_RL,12600,63,-425.4256914321238,200,0,15.876264238604016,78.75884365421987,100.0,5.0,0.02072013933274365,0,23.107886970997935,-0.017457976317964495,-0.038178115650708146,0.02072013933274365
Dual_CBF_RL,12800,64,-493.8697396230311,200,0,1.3006347536393292,54.68582634527373,100.0,4.5,0.029163697193979123,0,15.278091746876402,-0.18404671379365026,-0.2132104109876294,0.029163697193979123
Dual_CBF_RL,13000,65,-494.1917048937904,200,0,15.837008802028933,52.63610199876732,100.0,25.0,0.20236728198918727,0,10.44897608736714,-0.27514104343950746,-0.47750832542869476,0.20236728198918727
Dual_CBF_RL,13200,66,-498.8541842484858,200,0,3.2543145987609847,64.14340920812383,100.0,4.5,0.016490655411204255,0,23.09664045071903,0.0891531938733533,0.07266253846214905,0.016490655411204255
Dual_CBF_RL,13400,67,-460.8000606563113,200,0,14.529763486193723,68.90886700665472,100.0,34.0,0.33445404365111403,0,19.545727102126374,0.0423059912584722,-0.29214805239264174,0.33445404365111403
Dual_CBF_RL,13600,68,-429.8369560844811,200,0,13.623600258926828,51.12964156167335,100.0,24.0,0.17849277116736117,0,10.005368668587131,0.08930709155276417,-0.08918567961459706,0.17849277116736117
Dual_CBF_RL,13800,69,-374.25261359744707,200,0,1.5937865532085382,44.22760773644244,100.0,32.5,0.28780425688232236,0,12.028767293413592,0.20440528901293875,-0.08339896786938361,0.28780425688232236
Dual_CBF_RL,14000,70,-497.7352830370559,200,0,0.7112954479643676,61.11283070152033,100.0,21.0,0.16400065411034961,0,20.124122755218735,-0.005011783251538873,-0.1690124373618885,0.16400065411034961
Dual_CBF_RL,14200,71,-427.92473001589053,200,0,3.8612908324451354,52.88445621533959,100.0,24.0,0.16384846870104208,0,15.362505274306331,0.0037982966704294087,-0.16005017203061267,0.16384846870104208
Dual_CBF_RL,14400,72,-527.8300550256748,200,0,26.231330005974932,68.17149063026561,100.0,17.0,0.09964929120088524,0,12.846479449506743,0.09266125468537212,-0.006988036515513114,0.09964929120088524
Dual_CBF_RL,14600,73,-405.63001352045325,200,0,17.653075203915854,69.12548406560943,100.0,40.0,0.3535923966978381,0,20.458946262296525,0.08599007400684058,-0.26760232269099743,0.3535923966978381
Dual_CBF_RL,14800,74,-383.2853285699416,200,0,10.365291869620044,60.48320661678789,100.0,56.99999999999999,0.6123565246533267,0,19.603410930547348,0.2132246217317879,-0.3991319029215387,0.6123565246533267
Dual_CBF_RL,15000,75,-373.7024624921328,200,0,14.722074738847013,79.1646467179224,100.0,42.5,0.40082744337028214,0,24.18513069137152,0.46156055795028805,0.06073311458000582,0.40082744337028214
