Trajectory_ID,Initial_gap,Minimum_gap,Minimum_TTC,Mean_gap,Mean_speed,Mean_speed_error,Maximum_braking,Maximum_abs_jerk,Collision
0,43.78300314902616,36.44142595823298,34.53567910221832,49.78546783880052,29.993467409993844,0.27558695585681536,-1.1501352977593529,1.5000000000000013,False
1,45.56495364202842,29.13358929294852,10.661908639638392,49.70829726991752,29.91132251089271,0.3241143062142614,-2.491113671864506,1.5000000000000013,False
2,63.04594869507012,37.091559163511754,30.264556180299742,50.56880393486633,30.184349609066004,0.31526098400800007,-1.1684566033380408,1.5000000000000002,False
3,115.66393792177604,37.554443425630026,8.303570111636327,58.400854996791395,30.746097984033405,1.1943066289260877,-3.6999999999999984,1.5000000000000013,False
4,32.945518063667485,27.446281359808157,15.36516798653086,42.89185175215037,25.414380839212065,0.6805162667208168,-2.020705940007679,1.5000000000000013,False
5,34.87260653260842,34.87260653260842,99.89150517135882,46.51935435912534,27.89589820868264,0.3423507759697132,-0.3820274382483277,0.8037905700786618,False
6,0.0322646215739965,-22.488119161637023,0.0037165036000893848,-10.20037633912533,23.249110570619084,7.048972919314247,-4.0,1.5000000000000013,True
7,119.53804907894671,43.53970612849691,7.235951166078187,60.492887104602154,33.53843927297607,0.9803188678953204,-4.0,1.5000000000000013,False
8,29.574006174458056,29.574006174458056,164.7035661686582,45.60760253241112,28.264189033038914,0.6315462202967883,-0.6000000000000001,1.5000000000000002,False
9,33.8012035339084,25.597646674133188,11.969019012855053,42.93763664864959,25.414619538371586,0.7909232121628105,-2.521182805152225,1.5000000000000013,False
10,40.85813075285936,38.47254094867423,20.700068990223276,53.07252185715419,32.020100146208456,0.415185853413808,-2.1232626570902355,1.5000000000000013,False
11,21.85054547707735,21.85054547707735,302.49576249541155,43.54076103730901,27.700231904933858,0.8737193830165269,-1.9499999999999997,1.5000000000000013,False
12,34.582746705660554,24.569731690771903,8.931050516065724,42.809643070330274,25.416785485822935,0.8991255230017522,-3.2519350328700614,1.5000000000000013,False
13,39.66857349856436,38.414519054537585,20.140506433606937,52.991837941446214,31.669324474116927,0.5407329344937304,-1.8832393475551412,1.5000000000000013,False
14,35.310961379293225,33.294124169696545,10.85023082850997,47.29676096542293,29.024822893141952,0.7102027751517347,-2.7593073125911363,1.5000000000000013,False
15,16.574509303197104,16.569480034382824,14.091742593075601,38.70590671260123,25.14594139042363,2.07832126550417,-2.237565147520998,1.5000000000000013,False
16,33.091797179688456,16.811476937592097,3.519247743282367,43.459610610085456,25.382911042611255,1.4013285608056987,-4.0,1.5000000000000013,False
17,25.26061889156354,25.26061889156354,16.897494771015108,52.53569016918583,31.5809789455984,0.5749040496805946,-2.1883865592864824,1.5000000000000013,False
18,7.712155822775108,7.712155822775108,inf,16.12925174443671,9.547032877058916,1.2933159010271582,-0.4890473497129464,1.5000000000000002,False
19,14.0954879899268,13.683483413196104,15.00050894226079,43.07779710611748,25.47904929740241,0.3488041217205183,-2.2125370449557598,1.5000000000000013,False
20,0.8757416870338377,0.8757416870338377,16.529729016525817,47.17994504003231,28.40397817675404,0.5692551976513776,-2.0999999999999996,1.5000000000000013,False
21,22.29346694206,18.158784624870307,7.140300238115866,19.814029828403267,9.922004277886483,0.6956840504941398,-1.6321050640816928,1.5000000000000013,False
22,41.86491817513728,24.01703152940054,10.665996911049943,45.46110268703111,26.9217886834,0.4443354339208442,-3.000053291132406,1.5000000000000013,False
23,30.634216042378675,15.732784353410233,4.828655529114781,18.50396225730349,9.703001679042405,1.5946877872107943,-3.320491197350227,1.5000000000000013,False
24,25.34439551380317,24.061127048851347,11.41798778734091,45.06366419743056,26.716197914885985,0.48280693951756565,-2.976573202223527,1.5000000000000013,False
25,30.69154761437663,18.106376337382173,4.523529335371611,28.197145529239986,11.291035847539215,2.885089046002343,-3.3999999999999986,1.5000000000000013,False
26,16.517009536562,16.517009536562,11.194830192947276,43.39359844128085,25.656391719105045,0.5168113585819365,-2.8652798733508207,1.5000000000000002,False
27,42.1952998127856,31.576830323408103,9.338935337771662,49.74414879316627,30.231091039963868,0.8634960107736326,-3.2444429173024587,1.5000000000000013,False
28,119.92737958367188,32.023097706504686,8.555090493829605,46.622998042769424,26.4458486477546,1.0406242498128313,-2.6090457917414684,1.5000000000000013,False
29,52.55861678749864,41.25199135182204,48.79078379749304,50.593776087790346,30.46602760982654,0.34441023829865236,-0.6581105273407076,1.5000000000000002,False
30,52.85176035517926,40.39226412207437,38.563795444082274,49.618667277258716,29.649117543557917,0.3834427530253189,-0.8909912265216691,1.5000000000000013,False
31,57.28707649311182,38.0351924055067,38.07252769810596,50.42251966996819,30.226246294048888,0.2930350362864176,-0.9021801193373392,1.5000000000000013,False
32,37.54513576862421,37.32693942916623,44.112726678352885,49.87207912903893,30.372036774388945,0.46678899829735593,-2.283035345667217,1.5000000000000013,False
33,29.379946251248388,29.379946251248388,38.45846878487966,49.11663275671297,29.642779348854933,0.5007514637618758,-1.2000000000000002,1.5000000000000013,False
34,29.21709844477588,29.170607371080997,41.19016244943909,50.210476222991346,30.322564057701104,0.38959357047837034,-1.7999999999999998,1.5000000000000013,False
35,37.05096830015958,36.99176348275185,32.07025906235981,50.18129498352925,30.206721170240364,0.46949260053867253,-2.07307968137943,1.5000000000000013,False
36,33.48174255490975,33.48174255490975,34.65009303732395,49.856006861831354,30.41344426960651,0.5880317801112612,-1.9499999999999997,1.5000000000000013,False
37,20.16315358682721,19.35014701151736,25.46950064023204,28.949620515207016,25.39281638799357,2.838197336970011,-3.299999999999999,1.5000000000000013,False
38,51.17623692714819,37.5429992124273,25.9230269944985,49.89621927402239,29.859647030022213,0.5429994696409461,-1.1888170259263362,1.5000000000000013,False
39,10.105569863915768,10.072777324326273,82.22669759488151,35.76702758691041,28.90914751081548,5.1490459733321625,-3.299999999999999,1.5000000000000013,False
40,38.73860704334152,35.870384114024084,25.63025697781028,49.92054120430224,30.110557037428933,0.5930419320198597,-2.297726191780602,1.5000000000000013,False
41,24.67236998089222,22.982162699758835,8.918122969612325,38.85900109182587,22.575368523012838,0.35426398666114856,-2.361048782554924,1.5000000000000013,False
42,119.23180176368696,40.49775870894509,8.117873760362285,54.86115456495089,31.702477592034846,0.5827454227785672,-3.8499999999999983,1.5000000000000013,False
43,11.266175409014128,10.97656653032156,7.909627853936063,46.935996596590655,28.03136878248426,0.4296781542279415,-2.632569548512549,1.5000000000000013,False
44,10.257580863142977,10.257580863142977,8.846510894029446,46.970157081476096,28.055112664907618,0.4646966491967537,-2.579496706069688,1.5000000000000013,False
45,30.55386206719772,23.456761308856,8.447238951929329,34.0484646465969,19.12145734637506,0.5722810386654088,-2.8268822606727415,1.5000000000000013,False
46,12.971361123339186,7.289938049089769,3.298033975044215,49.88982188448141,30.041916744592505,0.5513601529557298,-3.3923989499366205,1.5000000000000013,False
47,33.07124630505435,33.042738639002394,21.4115927976577,51.0349225577829,30.781775710249004,0.44690855285658593,-2.2499999999999996,1.5000000000000013,False
48,53.55148162818923,33.0618844941781,13.76903800165494,51.43489722224409,30.964095270505787,0.5327140848083319,-2.298965313234847,1.0583509181036415,False
49,65.39234337810558,36.38050105900584,18.487708029379714,51.16483858145381,30.664482896756983,0.509010152078009,-1.7906259723212998,1.5000000000000013,False
50,27.24069282439905,27.1539136848503,11.153507224822826,50.91660976064168,30.840642831319627,0.6367648914502956,-2.712944560507335,1.5000000000000013,False
51,25.636285964109828,23.390695808726818,7.297194219028218,50.444301522200064,30.55707344849844,0.5706522537096854,-3.449999999999999,1.5000000000000013,False
52,39.12883282004376,29.891845145761465,9.087277121370422,51.091609329514185,30.795695510907013,0.6285924012972243,-3.158761949921271,1.5000000000000013,False
53,28.960340744329592,28.037286101357648,32.389129775619224,49.077875099752504,29.711500720800554,0.2819949754647025,-2.3999999999999995,1.5000000000000013,False
54,119.82191744672488,35.152840937566495,8.780119980694332,49.6531761922881,29.017714908223834,0.6889070222546709,-2.499999999999999,1.5000000000000013,False
55,119.56171553364712,38.32732425068823,4.576807401409441,64.54660059719198,22.46931954185775,3.6549210402390298,-4.0,1.5000000000000013,False
56,118.65809559679828,39.988866367926526,6.079161545672224,93.31253305300898,29.112406999796956,5.733515352185469,-4.0,1.5000000000000013,False
57,50.57566318032586,33.965499290935135,15.607213843380148,49.3801608934622,29.591264284014052,0.5924873527706512,-2.4060930193939782,1.5000000000000013,False
58,119.79015358916811,26.27288478766058,4.906847740270048,43.06034729183885,24.607871831947552,1.7383146402486909,-4.0,1.5000000000000013,False
59,32.265459992682864,32.265459992682864,2562.2072698065263,37.0238293012645,26.66468376217563,1.1782915068402111,-1.7999999999999998,1.5000000000000013,False
60,28.90043341020372,26.79093774420981,10.966403099226369,47.87846635526606,28.63478936765666,0.7212609597806453,-3.19435786142802,1.5000000000000013,False
