Trajectory_ID,Initial_gap,Minimum_gap,Minimum_TTC,Mean_gap,Mean_speed,Mean_speed_error,Maximum_braking,Maximum_abs_jerk,CBF_intervention_percent,CBF_unsafe_samples,CBF_infeasible_samples,Collision
0,43.78300314902616,43.78300314902616,40.162868096697366,72.17699447664597,29.852598405004752,0.4715464592247562,-1.3026479204718584,1.5000000000000013,99.79367262723521,1454,0,False
1,45.56495364202842,45.47512776067142,14.971879486130298,72.11429558775889,29.78908163518911,0.5505225183065179,-1.8527356042601297,1.5000000000000013,100.0,1454,0,False
2,63.04594869507012,57.750414467154705,35.595513710860914,73.671552150077,30.04257833400639,0.4748856088539873,-1.3004950764650698,1.5000000000000013,100.0,1454,0,False
3,115.66393792177604,57.931650431294415,25.86073430794416,83.05616494890958,30.603026110770095,1.1157233703621448,-1.2687783468737155,1.5000000000000013,95.2544704264099,0,0,False
4,32.945518063667485,32.945518063667485,17.43339577704609,63.53035158768928,25.29946431852144,1.047430343222792,-1.9166802075586808,1.5000000000000013,99.40476190476191,1680,0,False
5,34.87260653260842,34.87260653260842,131.8284340675033,66.01640122969927,27.513498040849843,0.7116114144429151,-0.7340829022686757,1.5000000000000002,100.0,625,0,False
6,0.0322646215739965,-22.488119161637023,0.0037165036000893848,-10.20037633912533,23.249110570619084,7.048972919314247,-4.0,1.5000000000000013,45.65217391304348,92,42,True
7,119.53804907894671,71.25657275801866,21.731743722269083,87.15553247760754,33.423287172798624,0.9014400610708087,-1.3266886722849351,1.5000000000000013,96.96531791907515,0,0,False
8,29.574006174458056,29.574006174458056,inf,59.37953199556635,27.564663720242574,1.2799610439244649,-0.6000000000000001,1.5000000000000002,98.77300613496932,326,0,False
9,33.8012035339084,33.8012035339084,13.601034050193494,63.639897498593754,25.305912718994158,1.2071373880500822,-2.2967962658850896,1.5000000000000013,99.64285714285714,1680,0,False
10,40.85813075285936,40.85813075285936,22.510473698052564,78.42701333467788,31.951856665733448,0.6202845397385295,-1.8940867559395749,1.5000000000000002,100.0,3387,0,False
11,21.85054547707735,21.85054547707735,inf,56.19702829264349,27.00551370598373,1.5409299104005767,-1.9499999999999997,1.5000000000000013,93.25153374233128,326,0,False
12,34.582746705660554,31.508498642842078,10.257876472843387,63.29958870640668,25.31747192014289,1.348198884497784,-2.9858596829583917,1.5000000000000013,98.57142857142858,1680,0,False
13,39.66857349856436,39.66857349856436,22.32128307125419,78.20950483258494,31.604085441262,0.6953017090556662,-1.7443107303225591,1.5000000000000013,99.19828968466061,250,0,False
14,35.310961379293225,33.294124169696545,12.327379673350782,65.18985412546398,28.654064600207025,1.2445718660223724,-2.58959164190437,1.5000000000000013,95.65217391304348,575,0,False
15,16.574509303197104,16.569480034382824,16.487348387338372,47.93284437559579,24.440703892382388,2.8771816872475515,-2.0318194254479924,1.5000000000000013,91.11111111111111,225,0,False
16,33.091797179688456,16.811476937592097,3.519247743282367,60.46633996092019,25.113091694280513,1.8254187798564063,-4.0,1.5000000000000013,92.15686274509804,663,22,False
17,25.26061889156354,25.26061889156354,18.620756903517048,77.8258359650542,31.5148284587381,0.8271501013321623,-2.0547175456795204,1.5000000000000013,99.67931587386424,3630,0,False
18,7.712155822775108,7.712155822775108,inf,19.161039849317824,8.837630940828861,2.002717837257214,-0.4890473497129464,1.5000000000000002,95.53571428571429,112,0,False
19,14.0954879899268,13.683483413196104,16.79755003961455,65.20194410062757,25.42694647007918,0.5035724567941543,-2.0939140172810395,1.5000000000000013,99.56797966963151,3469,0,False
20,0.8757416870338377,0.8757416870338377,18.030527782580442,70.22396002258178,28.3270485507224,0.7968545736693644,-2.0999999999999996,1.5000000000000013,99.0803188228081,3262,0,False
21,22.29346694206,18.395473833264663,7.140300238115866,23.286192763950826,9.13044170110397,1.4449806972062298,-1.65,1.5000000000000013,93.75,112,0,False
22,41.86491817513728,38.248386066453214,12.62175156890987,68.78735932444582,26.886533953647998,0.5803709008590688,-2.6252543289376606,1.5000000000000013,100.0,3508,0,False
23,30.634216042378675,16.239215484169954,4.828655529114781,19.853457658364217,9.205014772154758,2.0022405636056346,-3.320491197350227,1.5000000000000013,71.42857142857143,112,0,False
24,25.34439551380317,25.34439551380317,12.642524284854073,68.17661916643489,26.678177029883635,0.6740292253491762,-2.7828446013270436,0.8314413941959697,100.0,4192,0,False
25,30.69154761437663,30.202346965228326,12.476107318478876,35.05951523019614,10.184430067018994,1.9035628780649192,-1.4574933568217179,1.5000000000000013,87.5,112,0,False
26,16.517009536562,16.517009536562,13.00037433778096,65.75410777074839,25.591137989024567,0.7406291326124756,-2.6134625244944383,1.271133501552519,100.0,3527,0,False
27,42.1952998127856,39.6442064467877,10.3282929931857,71.62769518271013,30.064797226991377,1.3008946033888478,-3.108150731413548,1.5000000000000013,98.09394145677331,1469,0,False
28,119.92737958367188,50.61433112353449,12.951019438020372,69.65574660561334,26.21805464376897,1.001399441789755,-2.3999999999999995,1.5000000000000013,100.0,0,0,False
29,52.55861678749864,52.55861678749864,56.434585952164454,72.8391607161415,30.274145653938287,0.5695335772278324,-0.9000000000000001,1.5000000000000002,100.0,1243,0,False
30,52.85176035517926,52.85176035517926,43.21024458110625,73.22209196151815,29.527332902385268,0.5843203986906718,-0.8497471068645528,1.4326421599779626,100.0,2068,0,False
31,57.28707649311182,57.28707649311182,42.10960802258192,74.78468449901077,30.159054741266857,0.43727202479702476,-0.8676042111312409,0.6690939240890897,100.0,3670,0,False
32,37.54513576862421,37.32693942916623,50.888150367585425,71.35198154554209,30.196085336576854,0.6961684165119298,-2.283035345667217,1.5000000000000013,98.23008849557522,1243,0,False
33,29.379946251248388,29.379946251248388,43.21697859073861,72.10084693002926,29.52518683089441,0.7345570134955458,-1.2000000000000002,1.5000000000000013,99.41972920696325,2062,0,False
34,29.21709844477588,29.170607371080997,45.32565996360402,74.19482928824425,30.255274373574217,0.5589379074651468,-1.7999999999999998,1.5000000000000013,99.46595460614152,3685,0,False
35,37.05096830015958,37.05096830015958,35.062407901389,74.63425407625304,30.170774792231725,0.6564342000454649,-2.07307968137943,1.5000000000000013,99.71675400084973,5298,0,False
36,33.48174255490975,33.48174255490975,38.60882570056369,71.40795430358109,30.220415633145585,0.8803819869560183,-1.9499999999999997,1.5000000000000013,98.41646872525732,1263,0,False
37,20.16315358682721,19.35014701151736,25.46950064023204,29.354047252882886,25.01032445199769,3.2206892729658914,-3.299999999999999,1.5000000000000013,59.523809523809526,84,0,False
38,51.17623692714819,51.17623692714819,28.857345477423262,73.48062410847928,29.726703488303464,0.8294729454647269,-1.11562962677398,1.3987531280768408,100.0,1982,0,False
39,10.105569863915768,10.072777324326273,82.22669759488151,35.949074160047125,28.65689696290019,5.401296521247449,-3.299999999999999,1.5000000000000013,31.06796116504854,103,0,False
40,38.73860704334152,38.599409045138636,29.182952833401956,73.71187403412043,30.040178348679266,0.8293037323124011,-2.297726191780602,1.5000000000000013,99.39108773872128,3519,0,False
41,24.67236998089222,24.67236998089222,11.024628828083388,59.48826289566928,22.491884441954785,0.5190322811773731,-2.1228946707299086,0.7803235652728846,100.0,2734,0,False
42,119.23180176368696,62.06683363506445,28.36396483181175,80.53131797865153,31.6376691735768,0.6028914263640286,-1.1883349090225575,1.5000000000000013,98.64661654135338,3,0,False
43,11.266175409014128,10.97656653032156,9.722624098545914,70.57533899195322,27.993220739148576,0.6032227107192739,-2.374753237202192,1.5000000000000013,99.68458781362007,3851,0,False
44,10.257580863142977,10.257580863142977,11.050305378869492,70.62160643583753,28.017930894641417,0.6443111125729707,-2.248266528324979,1.5000000000000013,99.68458781362007,3969,0,False
45,30.55386206719772,30.55386206719772,10.299240600843616,52.645477333111224,18.973166523753466,0.7128744645189817,-2.4577384704888714,1.5000000000000002,100.0,1312,0,False
46,12.971361123339186,7.289938049089769,3.298033975044215,74.4387122923278,29.996357924307247,0.7723242282826234,-3.3923989499366205,1.5000000000000013,99.38151616893444,4151,0,False
47,33.07124630505435,33.042738639002394,24.627717814678768,75.81720070210473,30.744578694970354,0.6348161927134081,-2.2499999999999996,1.5000000000000013,99.69617456152466,4193,0,False
48,53.55148162818923,51.70791824630446,15.964089664858479,75.96858965289805,30.884928923424912,0.8082290213052411,-2.0892352206155413,1.5000000000000013,100.0,3496,0,False
49,65.39234337810558,56.32109082062413,21.430609069934064,75.77387483102639,30.59166747117195,0.656903386593057,-1.630377397042087,1.5000000000000002,100.0,3522,0,False
50,27.24069282439905,27.1539136848503,13.700947504606313,75.05209660747057,30.769401754472906,0.9183874539930149,-2.712944560507335,1.5000000000000013,99.19908466819221,1529,0,False
51,25.636285964109828,23.390695808726818,7.297194219028218,74.45094771838868,30.48499443916197,0.795648057049974,-3.449999999999999,1.5000000000000013,99.25133689839572,3661,6,False
52,39.12883282004376,38.98753919714488,10.727484826588324,75.90184577512117,30.758994185934235,0.8959229737053709,-2.7749142703019047,1.5000000000000013,99.75141555033835,4623,0,False
53,28.960340744329592,28.037286101357648,32.389129775619224,71.71125141333593,29.562159523074204,0.483567645254827,-2.3999999999999995,1.5000000000000013,98.49759615384616,1664,0,False
54,119.82191744672488,54.90023587521689,23.477675936602015,74.32152289789533,28.94464419330945,0.7444133950519647,-1.3290522845334358,1.5000000000000007,100.0,0,0,False
55,119.56171553364712,65.35558474659298,14.654893178751875,89.83736976712656,21.754854231478433,2.777783229875707,-1.222650517565775,1.5000000000000013,87.46518105849582,0,0,False
56,118.65809559679828,71.05550201367905,18.726568181507663,116.70992395003461,28.07650087711829,4.6976092295068055,-0.895025739992255,1.5000000000000013,74.91638795986621,0,0,False
57,50.57566318032586,47.25807441904592,16.94207327925836,73.55904320581787,29.529274717654722,0.8057248497057226,-2.3188201067954863,1.5000000000000013,100.0,3932,0,False
58,119.79015358916811,46.454805601669506,14.370192343703385,66.20180432224669,24.386715144616176,1.7733200335884711,-2.1292006182106227,1.5000000000000002,100.0,0,0,False
59,32.265459992682864,32.265459992682864,inf,38.00577641749637,26.157807288991304,1.6847356752132905,-1.7999999999999998,1.5000000000000013,75.67567567567568,74,0,False
60,28.90043341020372,28.90043341020372,11.993294623804209,71.65880875295647,28.593900403480458,1.0175072829360792,-2.962712324368889,1.1914477236266485,100.0,3880,0,False
