Trajectory_ID,Initial_gap,Initial_speed,Minimum_gap,Mean_gap,Minimum_TTC,Mean_speed,Mean_speed_error,Maximum_braking,Maximum_abs_jerk,Collision,Near_miss
0,43.783,32.07,36.4414,49.785,34.5357,29.993,0.2756,-1.15,1.5,False,False
1,45.565,32.336,29.1336,49.708,10.6619,29.911,0.3241,-2.491,1.5,False,False
2,63.0459,33.609,37.0916,50.569,30.2646,30.184,0.3153,-1.168,1.5,False,False
3,115.6639,24.689,37.5544,58.401,8.3036,30.746,1.1943,-3.7,1.5,False,False
4,32.9455,25.727,27.4463,42.892,15.3652,25.414,0.6805,-2.021,1.5,False,False
5,34.8726,22.29,34.8726,46.519,99.8915,27.896,0.3424,-0.382,0.804,False,False
6,0.0323,35.825,-22.4881,-10.2,0.0037,23.249,7.049,-4.0,1.5,True,True
7,119.538,24.244,43.5397,60.493,7.236,33.538,0.9803,-4.0,1.5,False,False
8,29.574,25.412,29.574,45.608,164.7036,28.264,0.6315,-0.6,1.5,False,False
9,33.8012,25.425,25.5976,42.938,11.969,25.415,0.7909,-2.521,1.5,False,False
10,40.8581,21.057,38.4725,53.073,20.7001,32.02,0.4152,-2.123,1.5,False,False
11,21.8505,25.261,21.8505,43.541,302.4958,27.7,0.8737,-1.95,1.5,False,False
12,34.5827,27.787,24.5697,42.81,8.9311,25.417,0.8991,-3.252,1.5,False,False
13,39.6686,15.36,38.4145,52.992,20.1405,31.669,0.5407,-1.883,1.5,False,False
14,35.311,29.25,33.2941,47.297,10.8502,29.025,0.7102,-2.759,1.5,False,False
15,16.5745,21.569,16.5695,38.706,14.0917,25.146,2.0783,-2.238,1.5,False,False
16,33.0918,27.572,16.8115,43.46,3.5192,25.383,1.4013,-4.0,1.5,False,False
17,25.2606,10.329,25.2606,52.536,16.8975,31.581,0.5749,-2.188,1.5,False,False
18,7.7122,7.519,7.7122,16.129,inf,9.547,1.2933,-0.489,1.5,False,False
19,14.0955,11.902,13.6835,43.078,15.0005,25.479,0.3488,-2.213,1.5,False,False
20,0.8757,20.158,0.8757,47.18,16.5297,28.404,0.5693,-2.1,1.5,False,False
21,22.2935,10.641,18.1588,19.814,7.1403,9.922,0.6957,-1.632,1.5,False,False
22,41.8649,12.865,24.017,45.461,10.666,26.922,0.4443,-3.0,1.5,False,False
23,30.6342,15.987,15.7328,18.504,4.8287,9.703,1.5947,-3.32,1.5,False,False
24,25.3444,11.682,24.0611,45.064,11.418,26.716,0.4828,-2.977,1.5,False,False
25,30.6915,10.056,18.1064,28.197,4.5235,11.291,2.8851,-3.4,1.5,False,False
26,16.517,10.041,16.517,43.394,11.1948,25.656,0.5168,-2.865,1.5,False,False
27,42.1953,38.147,31.5768,49.744,9.3389,30.231,0.8635,-3.244,1.5,False,False
28,119.9274,36.266,32.0231,46.623,8.5551,26.446,1.0406,-2.609,1.5,False,False
29,52.5586,35.268,41.252,50.594,48.7908,30.466,0.3444,-0.658,1.5,False,False
30,52.8518,27.525,40.3923,49.619,38.5638,29.649,0.3834,-0.891,1.5,False,False
31,57.2871,31.125,38.0352,50.423,38.0725,30.226,0.293,-0.902,1.5,False,False
32,37.5451,35.771,37.3269,49.872,44.1127,30.372,0.4668,-2.283,1.5,False,False
33,29.3799,26.983,29.3799,49.117,38.4585,29.643,0.5008,-1.2,1.5,False,False
34,29.2171,31.59,29.1706,50.21,41.1902,30.323,0.3896,-1.8,1.5,False,False
35,37.051,35.452,36.9918,50.181,32.0703,30.207,0.4695,-2.073,1.5,False,False
36,33.4817,34.534,33.4817,49.856,34.6501,30.413,0.588,-1.95,1.5,False,False
37,20.1632,29.905,19.3501,28.95,25.4695,25.393,2.8382,-3.3,1.5,False,False
38,51.1762,27.728,37.543,49.896,25.923,29.86,0.543,-1.189,1.5,False,False
39,10.1056,31.947,10.0728,35.767,82.2267,28.909,5.149,-3.3,1.5,False,False
40,38.7386,35.698,35.8704,49.921,25.6303,30.111,0.593,-2.298,1.5,False,False
41,24.6724,11.61,22.9822,38.859,8.9181,22.575,0.3543,-2.361,1.5,False,False
42,119.2318,26.502,40.4978,54.861,8.1179,31.702,0.5827,-3.85,1.5,False,False
43,11.2662,12.177,10.9766,46.936,7.9096,28.031,0.4297,-2.633,1.5,False,False
44,10.2576,12.029,10.2576,46.97,8.8465,28.055,0.4647,-2.579,1.5,False,False
45,30.5539,9.931,23.4568,34.048,8.4472,19.121,0.5723,-2.827,1.5,False,False
46,12.9714,15.296,7.2899,49.89,3.298,30.042,0.5514,-3.392,1.5,False,False
47,33.0712,32.885,33.0427,51.035,21.4116,30.782,0.4469,-2.25,1.5,False,False
48,53.5515,32.818,33.0619,51.435,13.769,30.964,0.5327,-2.299,1.058,False,False
49,65.3923,32.972,36.3805,51.165,18.4877,30.664,0.509,-1.791,1.5,False,False
50,27.2407,33.042,27.1539,50.917,11.1535,30.841,0.6368,-2.713,1.5,False,False
51,25.6363,36.485,23.3907,50.444,7.2972,30.557,0.5707,-3.45,1.5,False,False
52,39.1288,33.322,29.8918,51.092,9.0873,30.796,0.6286,-3.159,1.5,False,False
53,28.9603,26.137,28.0373,49.078,32.3891,29.712,0.282,-2.4,1.5,False,False
54,119.8219,30.417,35.1528,49.653,8.7801,29.018,0.6889,-2.5,1.5,False,False
55,119.5617,15.631,38.3273,64.547,4.5768,22.469,3.6549,-4.0,1.5,False,False
56,118.6581,19.398,39.9889,93.313,6.0792,29.112,5.7335,-4.0,1.5,False,False
57,50.5757,28.581,33.9655,49.38,15.6072,29.591,0.5925,-2.406,1.5,False,False
58,119.7902,39.145,26.2729,43.06,4.9068,24.608,1.7383,-4.0,1.5,False,False
59,32.2655,28.558,32.2655,37.024,2562.2073,26.665,1.1783,-1.8,1.5,False,False
60,28.9004,22.628,26.7909,47.878,10.9664,28.635,0.7213,-3.194,1.5,False,False
