Trajectory_ID,Initial_gap,Initial_speed,Initial_h,Initially_Safe,Minimum_gap,Mean_gap,Minimum_h,Max_Safety_Violation,Minimum_TTC,Mean_speed,Mean_speed_error,Maximum_braking,Maximum_abs_jerk,CBF_intervention_percent,CBF_unsafe_samples,CBF_infeasible_samples,Collision,Near_miss
0,43.783,32.07,-35.3571,False,43.783,72.177,-35.3571,35.3571,40.1629,29.853,0.4715,-1.303,1.5,99.79,1454,0,False,False
1,45.565,32.336,-34.1062,False,45.4751,72.114,-34.1062,34.1062,14.9719,29.789,0.5505,-1.853,1.5,100.0,1454,0,False,False
2,63.0459,33.609,-19.1723,False,57.7504,73.672,-19.377,19.377,35.5955,30.043,0.4749,-1.3,1.5,100.0,1454,0,False,False
3,115.6639,24.689,51.2866,True,57.9317,83.056,0.0001,0.0,25.8607,30.603,1.1157,-1.269,1.5,95.25,0,0,False,False
4,32.9455,25.727,-33.5083,False,32.9455,63.53,-33.5083,33.5083,17.4334,25.299,1.0474,-1.917,1.5,99.4,1680,0,False,False
5,34.8726,22.29,-24.708,False,34.8726,66.016,-24.708,24.708,131.8284,27.513,0.7116,-0.734,1.5,100.0,625,0,False,False
6,0.0323,35.825,-86.6176,False,-22.4881,-10.2,-96.4395,96.4395,0.0037,23.249,7.049,-4.0,1.5,45.65,92,42,True,True
7,119.538,24.244,56.0502,True,71.2566,87.156,0.0,0.0,21.7317,33.423,0.9014,-1.327,1.5,96.97,0,0,False,False
8,29.574,25.412,-36.2498,False,29.574,59.38,-36.2498,36.2498,inf,27.565,1.28,-0.6,1.5,98.77,326,0,False,False
9,33.8012,25.425,-32.0481,False,33.8012,63.64,-32.0481,32.0481,13.601,25.306,1.2071,-2.297,1.5,99.64,1680,0,False,False
10,40.8581,21.057,-16.2557,False,40.8581,78.427,-16.2557,16.2557,22.5105,31.952,0.6203,-1.894,1.5,100.0,3387,0,False,False
11,21.8505,25.261,-43.6721,False,21.8505,56.197,-43.6721,43.6721,inf,27.006,1.5409,-1.95,1.5,93.25,326,0,False,False
12,34.5827,27.787,-35.992,False,31.5085,63.3,-36.7811,36.7811,10.2579,25.317,1.3482,-2.986,1.5,98.57,1680,0,False,False
13,39.6686,15.36,-6.0507,False,39.6686,78.21,-6.0507,6.0507,22.3213,31.604,0.6953,-1.744,1.5,99.2,250,0,False,False
14,35.311,29.25,-38.1884,False,33.2941,65.19,-38.4733,38.4733,12.3274,28.654,1.2446,-2.59,1.5,95.65,575,0,False,False
15,16.5745,21.569,-41.5631,False,16.5695,47.933,-41.5631,41.5631,16.4873,24.441,2.8772,-2.032,1.5,91.11,225,0,False,False
16,33.0918,27.572,-37.0524,False,16.8115,60.466,-44.9251,44.9251,3.5192,25.113,1.8254,-4.0,1.5,92.16,663,22,False,False
17,25.2606,10.329,-10.3973,False,25.2606,77.826,-10.3973,10.3973,18.6208,31.515,0.8272,-2.055,1.5,99.68,3630,0,False,False
18,7.7122,7.519,-22.3261,False,7.7122,19.161,-22.3261,22.3261,inf,8.838,2.0027,-0.489,1.5,95.54,112,0,False,False
19,14.0955,11.902,-24.7088,False,13.6835,65.202,-24.7484,24.7484,16.7976,25.427,0.5036,-2.094,1.5,99.57,3469,0,False,False
20,0.8757,20.158,-54.4404,False,0.8757,70.224,-54.4404,54.4404,18.0305,28.327,0.7969,-2.1,1.5,99.08,3262,0,False,False
21,22.2935,10.641,-13.9892,False,18.3955,23.286,-15.2057,15.2057,7.1403,9.13,1.445,-1.65,1.5,93.75,112,0,False,False
22,41.8649,12.865,1.1351,True,38.2484,68.787,-0.009,0.009,12.6218,26.887,0.5804,-2.625,1.5,100.0,3508,0,False,False
23,30.6342,15.987,-16.3399,False,16.2392,19.853,-20.65,20.65,4.8287,9.205,2.0022,-3.32,1.5,71.43,112,0,False,False
24,25.3444,11.682,-13.02,False,25.3444,68.177,-13.02,13.02,12.6425,26.678,0.674,-2.783,0.831,100.0,4192,0,False,False
25,30.6915,10.056,-4.4197,False,30.2023,35.06,-4.4197,4.4197,12.4761,10.184,1.9036,-1.457,1.5,87.5,112,0,False,False
26,16.517,10.041,-18.5654,False,16.517,65.754,-18.5654,18.5654,13.0004,25.591,0.7406,-2.613,1.271,100.0,3527,0,False,False
27,42.1953,38.147,-49.0983,False,39.6442,71.628,-49.6943,49.6943,10.3283,30.065,1.3009,-3.108,1.5,98.09,1469,0,False,False
28,119.9274,36.266,32.3961,True,50.6143,69.656,0.0001,0.0,12.951,26.218,1.0014,-2.4,1.5,100.0,0,0,False,False
29,52.5586,35.268,-32.9778,False,52.5586,72.839,-32.9778,32.9778,56.4346,30.274,0.5695,-0.9,1.5,100.0,1243,0,False,False
30,52.8518,27.525,-17.1973,False,52.8518,73.222,-17.1973,17.1973,43.2102,29.527,0.5843,-0.85,1.433,100.0,2068,0,False,False
31,57.2871,31.125,-19.9626,False,57.2871,74.785,-19.9626,19.9626,42.1096,30.159,0.4373,-0.868,0.669,100.0,3670,0,False,False
32,37.5451,35.771,-48.9977,False,37.3269,71.352,-49.018,49.018,50.8882,30.196,0.6962,-2.283,1.5,98.23,1243,0,False,False
33,29.3799,26.983,-39.5855,False,29.3799,72.101,-39.5855,39.5855,43.217,29.525,0.7346,-1.2,1.5,99.42,2062,0,False,False
34,29.2171,31.59,-48.9624,False,29.1706,74.195,-48.9789,48.9789,45.3257,30.255,0.5589,-1.8,1.5,99.47,3685,0,False,False
35,37.051,35.452,-48.8532,False,37.051,74.634,-48.8532,48.8532,35.0624,30.171,0.6564,-2.073,1.5,99.72,5298,0,False,False
36,33.4817,34.534,-50.5855,False,33.4817,71.408,-50.5855,50.5855,38.6088,30.22,0.8804,-1.95,1.5,98.42,1263,0,False,False
37,20.1632,29.905,-54.6473,False,19.3501,29.354,-54.7147,54.7147,25.4695,25.01,3.2207,-3.3,1.5,59.52,84,0,False,False
38,51.1762,27.728,-19.2806,False,51.1762,73.481,-19.2806,19.2806,28.8573,29.727,0.8295,-1.116,1.399,100.0,1982,0,False,False
39,10.1056,31.947,-68.7879,False,10.0728,35.949,-68.7879,68.7879,82.2267,28.657,5.4013,-3.3,1.5,31.07,103,0,False,False
40,38.7386,35.698,-47.657,False,38.5994,73.712,-47.657,47.657,29.183,30.04,0.8293,-2.298,1.5,99.39,3519,0,False,False
41,24.6724,11.61,-13.5471,False,24.6724,59.488,-13.5471,13.5471,11.0246,22.492,0.519,-2.123,0.78,100.0,2734,0,False,False
42,119.2318,26.502,51.227,True,62.0668,80.531,-0.0,0.0,28.364,31.638,0.6029,-1.188,1.5,98.65,3,0,False,False
43,11.2662,12.177,-28.0869,False,10.9766,70.575,-28.1136,28.1136,9.7226,27.993,0.6032,-2.375,1.5,99.68,3851,0,False,False
44,10.2576,12.029,-28.7995,False,10.2576,70.622,-28.7995,28.7995,11.0503,28.018,0.6443,-2.248,1.5,99.68,3969,0,False,False
45,30.5539,9.931,-4.3079,False,30.5539,52.645,-4.3079,4.3079,10.2992,18.973,0.7129,-2.458,1.5,100.0,1312,0,False,False
46,12.9714,15.296,-32.6202,False,7.2899,74.439,-34.2579,34.2579,3.298,29.996,0.7723,-3.392,1.5,99.38,4151,0,False,False
47,33.0712,32.885,-47.6988,False,33.0427,75.817,-47.6988,47.6988,24.6277,30.745,0.6348,-2.25,1.5,99.7,4193,0,False,False
48,53.5515,32.818,-27.0845,False,51.7079,75.969,-27.0845,27.0845,15.9641,30.885,0.8082,-2.089,1.5,100.0,3496,0,False,False
49,65.3923,32.972,-15.5508,False,56.3211,75.774,-15.5508,15.5508,21.4306,30.592,0.6569,-1.63,1.5,100.0,3522,0,False,False
50,27.2407,33.042,-53.8424,False,27.1539,75.052,-53.8424,53.8424,13.7009,30.769,0.9184,-2.713,1.5,99.2,1529,0,False,False
51,25.6363,36.485,-62.3332,False,23.3907,74.451,-63.2354,63.2354,7.2972,30.485,0.7956,-3.45,1.5,99.25,3661,6,False,False
52,39.1288,33.322,-42.5147,False,38.9875,75.902,-42.5147,42.5147,10.7275,30.759,0.8959,-2.775,1.5,99.75,4623,0,False,False
53,28.9603,26.137,-38.3134,False,28.0373,71.711,-38.3952,38.3952,32.3891,29.562,0.4836,-2.4,1.5,98.5,1664,0,False,False
54,119.8219,30.417,43.9873,True,54.9002,74.322,0.0,0.0,23.4777,28.945,0.7444,-1.329,1.5,100.0,0,0,False,False
55,119.5617,15.631,73.2995,True,65.3556,89.837,3.3652,0.0,14.6549,21.755,2.7778,-1.223,1.5,87.47,0,0,False,False
56,118.6581,19.398,64.863,True,71.0555,116.71,8.5015,0.0,18.7266,28.077,4.6976,-0.895,1.5,74.92,0,0,False,False
57,50.5757,28.581,-21.5873,False,47.2581,73.559,-22.3797,22.3797,16.9421,29.529,0.8057,-2.319,1.5,100.0,3932,0,False,False
58,119.7902,39.145,26.4992,True,46.4548,66.202,0.0005,0.0,14.3702,24.387,1.7733,-2.129,1.5,100.0,0,0,False,False
59,32.2655,28.558,-39.8499,False,32.2655,38.006,-39.8499,39.8499,inf,26.158,1.6847,-1.8,1.5,75.68,74,0,False,False
60,28.9004,22.628,-31.3548,False,28.9004,71.659,-31.3548,31.3548,11.9933,28.594,1.0175,-2.963,1.191,100.0,3880,0,False,False
