Trajectory_ID,Initial_gap_Baseline,Initial_speed_Baseline,Minimum_gap_Baseline,Mean_gap_Baseline,Minimum_TTC_Baseline,Mean_speed_Baseline,Mean_speed_error_Baseline,Maximum_braking_Baseline,Maximum_abs_jerk_Baseline,Collision_Baseline,Near_miss_Baseline,Initial_gap_CBF,Initial_speed_CBF,Initial_h,Initially_Safe,Minimum_gap_CBF,Mean_gap_CBF,Minimum_h,Max_Safety_Violation,Minimum_TTC_CBF,Mean_speed_CBF,Mean_speed_error_CBF,Maximum_braking_CBF,Maximum_abs_jerk_CBF,CBF_intervention_percent,CBF_unsafe_samples,CBF_infeasible_samples,Collision_CBF,Near_miss_CBF,Gap_Improvement,delta_s_min,delta_s_mean,delta_v_mean,delta_speed_err,Paired_Classification
0,43.783,32.07,36.4414,49.785,34.5357,29.993,0.2756,-1.15,1.5,False,False,43.783,32.07,-35.3571,False,43.783,72.177,-35.3571,35.3571,40.1629,29.853,0.4715,-1.303,1.5,99.79,1454,0,False,False,7.3416,7.3416,22.39200000000001,-0.13999999999999702,0.19589999999999996,Safety Improvement (Headway Expanded)
1,45.565,32.336,29.1336,49.708,10.6619,29.911,0.3241,-2.491,1.5,False,False,45.565,32.336,-34.1062,False,45.4751,72.114,-34.1062,34.1062,14.9719,29.789,0.5505,-1.853,1.5,100.0,1454,0,False,False,16.341499999999996,16.341499999999996,22.406000000000006,-0.12199999999999989,0.2264,Safety Improvement (Headway Expanded)
2,63.0459,33.609,37.0916,50.569,30.2646,30.184,0.3153,-1.168,1.5,False,False,63.0459,33.609,-19.1723,False,57.7504,73.672,-19.377,19.377,35.5955,30.043,0.4749,-1.3,1.5,100.0,1454,0,False,False,20.6588,20.6588,23.102999999999994,-0.1410000000000018,0.15959999999999996,Safety Improvement (Headway Expanded)
3,115.6639,24.689,37.5544,58.401,8.3036,30.746,1.1943,-3.7,1.5,False,False,115.6639,24.689,51.2866,True,57.9317,83.056,0.0001,0.0,25.8607,30.603,1.1157,-1.269,1.5,95.25,0,0,False,False,20.377299999999998,20.377299999999998,24.654999999999994,-0.14299999999999713,-0.0786,Safety Improvement (Headway Expanded)
4,32.9455,25.727,27.4463,42.892,15.3652,25.414,0.6805,-2.021,1.5,False,False,32.9455,25.727,-33.5083,False,32.9455,63.53,-33.5083,33.5083,17.4334,25.299,1.0474,-1.917,1.5,99.4,1680,0,False,False,5.499200000000002,5.499200000000002,20.637999999999998,-0.11500000000000199,0.3669000000000001,Safety Improvement (Headway Expanded)
5,34.8726,22.29,34.8726,46.519,99.8915,27.896,0.3424,-0.382,0.804,False,False,34.8726,22.29,-24.708,False,34.8726,66.016,-24.708,24.708,131.8284,27.513,0.7116,-0.734,1.5,100.0,625,0,False,False,0.0,0.0,19.497000000000007,-0.3829999999999991,0.36920000000000003,No Meaningful Minimum Gap Change
6,0.0323,35.825,-22.4881,-10.2,0.0037,23.249,7.049,-4.0,1.5,True,True,0.0323,35.825,-86.6176,False,-22.4881,-10.2,-96.4395,96.4395,0.0037,23.249,7.049,-4.0,1.5,45.65,92,42,True,True,0.0,0.0,0.0,0.0,0.0,Infeasible / Pathological (Initial Overlap)
7,119.538,24.244,43.5397,60.493,7.236,33.538,0.9803,-4.0,1.5,False,False,119.538,24.244,56.0502,True,71.2566,87.156,0.0,0.0,21.7317,33.423,0.9014,-1.327,1.5,96.97,0,0,False,False,27.716900000000003,27.716900000000003,26.663000000000004,-0.11499999999999488,-0.07889999999999997,Safety Improvement (Headway Expanded)
8,29.574,25.412,29.574,45.608,164.7036,28.264,0.6315,-0.6,1.5,False,False,29.574,25.412,-36.2498,False,29.574,59.38,-36.2498,36.2498,inf,27.565,1.28,-0.6,1.5,98.77,326,0,False,False,0.0,0.0,13.772000000000006,-0.6989999999999981,0.6485000000000001,No Meaningful Minimum Gap Change
9,33.8012,25.425,25.5976,42.938,11.969,25.415,0.7909,-2.521,1.5,False,False,33.8012,25.425,-32.0481,False,33.8012,63.64,-32.0481,32.0481,13.601,25.306,1.2071,-2.297,1.5,99.64,1680,0,False,False,8.203600000000002,8.203600000000002,20.701999999999998,-0.10899999999999821,0.4162,Safety Improvement (Headway Expanded)
10,40.8581,21.057,38.4725,53.073,20.7001,32.02,0.4152,-2.123,1.5,False,False,40.8581,21.057,-16.2557,False,40.8581,78.427,-16.2557,16.2557,22.5105,31.952,0.6203,-1.894,1.5,100.0,3387,0,False,False,2.3856000000000037,2.3856000000000037,25.354000000000006,-0.06800000000000139,0.20509999999999995,Safety Improvement (Headway Expanded)
11,21.8505,25.261,21.8505,43.541,302.4958,27.7,0.8737,-1.95,1.5,False,False,21.8505,25.261,-43.6721,False,21.8505,56.197,-43.6721,43.6721,inf,27.006,1.5409,-1.95,1.5,93.25,326,0,False,False,0.0,0.0,12.656000000000006,-0.6939999999999991,0.6671999999999999,No Meaningful Minimum Gap Change
12,34.5827,27.787,24.5697,42.81,8.9311,25.417,0.8991,-3.252,1.5,False,False,34.5827,27.787,-35.992,False,31.5085,63.3,-36.7811,36.7811,10.2579,25.317,1.3482,-2.986,1.5,98.57,1680,0,False,False,6.9388000000000005,6.9388000000000005,20.489999999999995,-0.10000000000000142,0.44910000000000005,Safety Improvement (Headway Expanded)
13,39.6686,15.36,38.4145,52.992,20.1405,31.669,0.5407,-1.883,1.5,False,False,39.6686,15.36,-6.0507,False,39.6686,78.21,-6.0507,6.0507,22.3213,31.604,0.6953,-1.744,1.5,99.2,250,0,False,False,1.254100000000001,1.254100000000001,25.217999999999996,-0.06500000000000128,0.15460000000000007,Safety Improvement (Headway Expanded)
14,35.311,29.25,33.2941,47.297,10.8502,29.025,0.7102,-2.759,1.5,False,False,35.311,29.25,-38.1884,False,33.2941,65.19,-38.4733,38.4733,12.3274,28.654,1.2446,-2.59,1.5,95.65,575,0,False,False,0.0,0.0,17.893,-0.37099999999999866,0.5343999999999999,No Meaningful Minimum Gap Change
15,16.5745,21.569,16.5695,38.706,14.0917,25.146,2.0783,-2.238,1.5,False,False,16.5745,21.569,-41.5631,False,16.5695,47.933,-41.5631,41.5631,16.4873,24.441,2.8772,-2.032,1.5,91.11,225,0,False,False,0.0,0.0,9.226999999999997,-0.7050000000000018,0.7989000000000002,No Meaningful Minimum Gap Change
16,33.0918,27.572,16.8115,43.46,3.5192,25.383,1.4013,-4.0,1.5,False,False,33.0918,27.572,-37.0524,False,16.8115,60.466,-44.9251,44.9251,3.5192,25.113,1.8254,-4.0,1.5,92.16,663,22,False,False,0.0,0.0,17.006,-0.2699999999999996,0.4240999999999999,Actuator Saturation with Safe Recovery
17,25.2606,10.329,25.2606,52.536,16.8975,31.581,0.5749,-2.188,1.5,False,False,25.2606,10.329,-10.3973,False,25.2606,77.826,-10.3973,10.3973,18.6208,31.515,0.8272,-2.055,1.5,99.68,3630,0,False,False,0.0,0.0,25.289999999999992,-0.06599999999999895,0.2523000000000001,No Meaningful Minimum Gap Change
18,7.7122,7.519,7.7122,16.129,inf,9.547,1.2933,-0.489,1.5,False,False,7.7122,7.519,-22.3261,False,7.7122,19.161,-22.3261,22.3261,inf,8.838,2.0027,-0.489,1.5,95.54,112,0,False,False,0.0,0.0,3.032,-0.7090000000000014,0.7094,No Meaningful Minimum Gap Change
19,14.0955,11.902,13.6835,43.078,15.0005,25.479,0.3488,-2.213,1.5,False,False,14.0955,11.902,-24.7088,False,13.6835,65.202,-24.7484,24.7484,16.7976,25.427,0.5036,-2.094,1.5,99.57,3469,0,False,False,0.0,0.0,22.123999999999995,-0.0519999999999996,0.15480000000000005,No Meaningful Minimum Gap Change
20,0.8757,20.158,0.8757,47.18,16.5297,28.404,0.5693,-2.1,1.5,False,False,0.8757,20.158,-54.4404,False,0.8757,70.224,-54.4404,54.4404,18.0305,28.327,0.7969,-2.1,1.5,99.08,3262,0,False,False,0.0,0.0,23.044000000000004,-0.07699999999999818,0.22760000000000002,No Meaningful Minimum Gap Change
21,22.2935,10.641,18.1588,19.814,7.1403,9.922,0.6957,-1.632,1.5,False,False,22.2935,10.641,-13.9892,False,18.3955,23.286,-15.2057,15.2057,7.1403,9.13,1.445,-1.65,1.5,93.75,112,0,False,False,0.23669999999999902,0.23669999999999902,3.4720000000000013,-0.7919999999999998,0.7493000000000001,No Meaningful Minimum Gap Change
22,41.8649,12.865,24.017,45.461,10.666,26.922,0.4443,-3.0,1.5,False,False,41.8649,12.865,1.1351,True,38.2484,68.787,-0.009,0.009,12.6218,26.887,0.5804,-2.625,1.5,100.0,3508,0,False,False,14.231399999999997,14.231399999999997,23.326000000000008,-0.03500000000000014,0.13610000000000005,Safety Improvement (Headway Expanded)
23,30.6342,15.987,15.7328,18.504,4.8287,9.703,1.5947,-3.32,1.5,False,False,30.6342,15.987,-16.3399,False,16.2392,19.853,-20.65,20.65,4.8287,9.205,2.0022,-3.32,1.5,71.43,112,0,False,False,0.5064000000000011,0.5064000000000011,1.3490000000000002,-0.49799999999999933,0.4075000000000002,Safety Improvement (Headway Expanded)
24,25.3444,11.682,24.0611,45.064,11.418,26.716,0.4828,-2.977,1.5,False,False,25.3444,11.682,-13.02,False,25.3444,68.177,-13.02,13.02,12.6425,26.678,0.674,-2.783,0.831,100.0,4192,0,False,False,1.2833000000000006,1.2833000000000006,23.113000000000007,-0.038000000000000256,0.19120000000000004,Safety Improvement (Headway Expanded)
25,30.6915,10.056,18.1064,28.197,4.5235,11.291,2.8851,-3.4,1.5,False,False,30.6915,10.056,-4.4197,False,30.2023,35.06,-4.4197,4.4197,12.4761,10.184,1.9036,-1.457,1.5,87.5,112,0,False,False,12.0959,12.0959,6.863000000000003,-1.107000000000001,-0.9815,Safety Improvement with Speed Penalty
26,16.517,10.041,16.517,43.394,11.1948,25.656,0.5168,-2.865,1.5,False,False,16.517,10.041,-18.5654,False,16.517,65.754,-18.5654,18.5654,13.0004,25.591,0.7406,-2.613,1.271,100.0,3527,0,False,False,0.0,0.0,22.360000000000007,-0.06499999999999773,0.2238,No Meaningful Minimum Gap Change
27,42.1953,38.147,31.5768,49.744,9.3389,30.231,0.8635,-3.244,1.5,False,False,42.1953,38.147,-49.0983,False,39.6442,71.628,-49.6943,49.6943,10.3283,30.065,1.3009,-3.108,1.5,98.09,1469,0,False,False,8.0674,8.0674,21.884,-0.16600000000000037,0.4373999999999999,Safety Improvement (Headway Expanded)
28,119.9274,36.266,32.0231,46.623,8.5551,26.446,1.0406,-2.609,1.5,False,False,119.9274,36.266,32.3961,True,50.6143,69.656,0.0001,0.0,12.951,26.218,1.0014,-2.4,1.5,100.0,0,0,False,False,18.5912,18.5912,23.03300000000001,-0.22800000000000153,-0.0391999999999999,Safety Improvement (Headway Expanded)
29,52.5586,35.268,41.252,50.594,48.7908,30.466,0.3444,-0.658,1.5,False,False,52.5586,35.268,-32.9778,False,52.5586,72.839,-32.9778,32.9778,56.4346,30.274,0.5695,-0.9,1.5,100.0,1243,0,False,False,11.306599999999996,11.306599999999996,22.244999999999997,-0.19200000000000017,0.22510000000000002,Safety Improvement (Headway Expanded)
30,52.8518,27.525,40.3923,49.619,38.5638,29.649,0.3834,-0.891,1.5,False,False,52.8518,27.525,-17.1973,False,52.8518,73.222,-17.1973,17.1973,43.2102,29.527,0.5843,-0.85,1.433,100.0,2068,0,False,False,12.459499999999998,12.459499999999998,23.602999999999994,-0.12199999999999989,0.20090000000000002,Safety Improvement (Headway Expanded)
31,57.2871,31.125,38.0352,50.423,38.0725,30.226,0.293,-0.902,1.5,False,False,57.2871,31.125,-19.9626,False,57.2871,74.785,-19.9626,19.9626,42.1096,30.159,0.4373,-0.868,0.669,100.0,3670,0,False,False,19.2519,19.2519,24.361999999999995,-0.06700000000000017,0.14430000000000004,Safety Improvement (Headway Expanded)
32,37.5451,35.771,37.3269,49.872,44.1127,30.372,0.4668,-2.283,1.5,False,False,37.5451,35.771,-48.9977,False,37.3269,71.352,-49.018,49.018,50.8882,30.196,0.6962,-2.283,1.5,98.23,1243,0,False,False,0.0,0.0,21.480000000000004,-0.17599999999999838,0.22940000000000005,No Meaningful Minimum Gap Change
33,29.3799,26.983,29.3799,49.117,38.4585,29.643,0.5008,-1.2,1.5,False,False,29.3799,26.983,-39.5855,False,29.3799,72.101,-39.5855,39.5855,43.217,29.525,0.7346,-1.2,1.5,99.42,2062,0,False,False,0.0,0.0,22.984,-0.1180000000000021,0.2338,No Meaningful Minimum Gap Change
34,29.2171,31.59,29.1706,50.21,41.1902,30.323,0.3896,-1.8,1.5,False,False,29.2171,31.59,-48.9624,False,29.1706,74.195,-48.9789,48.9789,45.3257,30.255,0.5589,-1.8,1.5,99.47,3685,0,False,False,0.0,0.0,23.984999999999992,-0.06800000000000139,0.16929999999999995,No Meaningful Minimum Gap Change
35,37.051,35.452,36.9918,50.181,32.0703,30.207,0.4695,-2.073,1.5,False,False,37.051,35.452,-48.8532,False,37.051,74.634,-48.8532,48.8532,35.0624,30.171,0.6564,-2.073,1.5,99.72,5298,0,False,False,0.05920000000000414,0.05920000000000414,24.453000000000003,-0.036000000000001364,0.1869,No Meaningful Minimum Gap Change
36,33.4817,34.534,33.4817,49.856,34.6501,30.413,0.588,-1.95,1.5,False,False,33.4817,34.534,-50.5855,False,33.4817,71.408,-50.5855,50.5855,38.6088,30.22,0.8804,-1.95,1.5,98.42,1263,0,False,False,0.0,0.0,21.552,-0.1930000000000014,0.2924,No Meaningful Minimum Gap Change
37,20.1632,29.905,19.3501,28.95,25.4695,25.393,2.8382,-3.3,1.5,False,False,20.1632,29.905,-54.6473,False,19.3501,29.354,-54.7147,54.7147,25.4695,25.01,3.2207,-3.3,1.5,59.52,84,0,False,False,0.0,0.0,0.4039999999999999,-0.3829999999999991,0.38249999999999984,No Meaningful Minimum Gap Change
38,51.1762,27.728,37.543,49.896,25.923,29.86,0.543,-1.189,1.5,False,False,51.1762,27.728,-19.2806,False,51.1762,73.481,-19.2806,19.2806,28.8573,29.727,0.8295,-1.116,1.399,100.0,1982,0,False,False,13.633200000000002,13.633200000000002,23.584999999999994,-0.13299999999999912,0.2865,Safety Improvement (Headway Expanded)
39,10.1056,31.947,10.0728,35.767,82.2267,28.909,5.149,-3.3,1.5,False,False,10.1056,31.947,-68.7879,False,10.0728,35.949,-68.7879,68.7879,82.2267,28.657,5.4013,-3.3,1.5,31.07,103,0,False,False,0.0,0.0,0.18199999999999505,-0.2519999999999989,0.25229999999999997,No Meaningful Minimum Gap Change
40,38.7386,35.698,35.8704,49.921,25.6303,30.111,0.593,-2.298,1.5,False,False,38.7386,35.698,-47.657,False,38.5994,73.712,-47.657,47.657,29.183,30.04,0.8293,-2.298,1.5,99.39,3519,0,False,False,2.7290000000000063,2.7290000000000063,23.791000000000004,-0.0710000000000015,0.23630000000000007,Safety Improvement (Headway Expanded)
41,24.6724,11.61,22.9822,38.859,8.9181,22.575,0.3543,-2.361,1.5,False,False,24.6724,11.61,-13.5471,False,24.6724,59.488,-13.5471,13.5471,11.0246,22.492,0.519,-2.123,0.78,100.0,2734,0,False,False,1.6902000000000008,1.6902000000000008,20.628999999999998,-0.08299999999999841,0.1647,Safety Improvement (Headway Expanded)
42,119.2318,26.502,40.4978,54.861,8.1179,31.702,0.5827,-3.85,1.5,False,False,119.2318,26.502,51.227,True,62.0668,80.531,-0.0,0.0,28.364,31.638,0.6029,-1.188,1.5,98.65,3,0,False,False,21.569000000000003,21.569000000000003,25.67000000000001,-0.06400000000000006,0.020199999999999996,Safety Improvement (Headway Expanded)
43,11.2662,12.177,10.9766,46.936,7.9096,28.031,0.4297,-2.633,1.5,False,False,11.2662,12.177,-28.0869,False,10.9766,70.575,-28.1136,28.1136,9.7226,27.993,0.6032,-2.375,1.5,99.68,3851,0,False,False,0.0,0.0,23.639000000000003,-0.038000000000000256,0.17349999999999993,No Meaningful Minimum Gap Change
44,10.2576,12.029,10.2576,46.97,8.8465,28.055,0.4647,-2.579,1.5,False,False,10.2576,12.029,-28.7995,False,10.2576,70.622,-28.7995,28.7995,11.0503,28.018,0.6443,-2.248,1.5,99.68,3969,0,False,False,0.0,0.0,23.652,-0.036999999999999034,0.17959999999999998,No Meaningful Minimum Gap Change
45,30.5539,9.931,23.4568,34.048,8.4472,19.121,0.5723,-2.827,1.5,False,False,30.5539,9.931,-4.3079,False,30.5539,52.645,-4.3079,4.3079,10.2992,18.973,0.7129,-2.458,1.5,100.0,1312,0,False,False,7.0970999999999975,7.0970999999999975,18.597,-0.1479999999999997,0.14059999999999995,Safety Improvement (Headway Expanded)
46,12.9714,15.296,7.2899,49.89,3.298,30.042,0.5514,-3.392,1.5,False,False,12.9714,15.296,-32.6202,False,7.2899,74.439,-34.2579,34.2579,3.298,29.996,0.7723,-3.392,1.5,99.38,4151,0,False,False,0.0,0.0,24.548999999999992,-0.04600000000000293,0.22089999999999999,No Meaningful Minimum Gap Change
47,33.0712,32.885,33.0427,51.035,21.4116,30.782,0.4469,-2.25,1.5,False,False,33.0712,32.885,-47.6988,False,33.0427,75.817,-47.6988,47.6988,24.6277,30.745,0.6348,-2.25,1.5,99.7,4193,0,False,False,0.0,0.0,24.781999999999996,-0.036999999999999034,0.1879,No Meaningful Minimum Gap Change
48,53.5515,32.818,33.0619,51.435,13.769,30.964,0.5327,-2.299,1.058,False,False,53.5515,32.818,-27.0845,False,51.7079,75.969,-27.0845,27.0845,15.9641,30.885,0.8082,-2.089,1.5,100.0,3496,0,False,False,18.646,18.646,24.533999999999992,-0.07899999999999707,0.2755000000000001,Safety Improvement (Headway Expanded)
49,65.3923,32.972,36.3805,51.165,18.4877,30.664,0.509,-1.791,1.5,False,False,65.3923,32.972,-15.5508,False,56.3211,75.774,-15.5508,15.5508,21.4306,30.592,0.6569,-1.63,1.5,100.0,3522,0,False,False,19.940600000000003,19.940600000000003,24.609,-0.07200000000000273,0.14790000000000003,Safety Improvement (Headway Expanded)
50,27.2407,33.042,27.1539,50.917,11.1535,30.841,0.6368,-2.713,1.5,False,False,27.2407,33.042,-53.8424,False,27.1539,75.052,-53.8424,53.8424,13.7009,30.769,0.9184,-2.713,1.5,99.2,1529,0,False,False,0.0,0.0,24.135000000000005,-0.07200000000000273,0.28159999999999996,No Meaningful Minimum Gap Change
51,25.6363,36.485,23.3907,50.444,7.2972,30.557,0.5707,-3.45,1.5,False,False,25.6363,36.485,-62.3332,False,23.3907,74.451,-63.2354,63.2354,7.2972,30.485,0.7956,-3.45,1.5,99.25,3661,6,False,False,0.0,0.0,24.00699999999999,-0.07199999999999918,0.2249,Actuator Saturation with Safe Recovery
52,39.1288,33.322,29.8918,51.092,9.0873,30.796,0.6286,-3.159,1.5,False,False,39.1288,33.322,-42.5147,False,38.9875,75.902,-42.5147,42.5147,10.7275,30.759,0.8959,-2.775,1.5,99.75,4623,0,False,False,9.095699999999997,9.095699999999997,24.810000000000002,-0.036999999999999034,0.2673,Safety Improvement (Headway Expanded)
53,28.9603,26.137,28.0373,49.078,32.3891,29.712,0.282,-2.4,1.5,False,False,28.9603,26.137,-38.3134,False,28.0373,71.711,-38.3952,38.3952,32.3891,29.562,0.4836,-2.4,1.5,98.5,1664,0,False,False,0.0,0.0,22.632999999999996,-0.14999999999999858,0.2016,No Meaningful Minimum Gap Change
54,119.8219,30.417,35.1528,49.653,8.7801,29.018,0.6889,-2.5,1.5,False,False,119.8219,30.417,43.9873,True,54.9002,74.322,0.0,0.0,23.4777,28.945,0.7444,-1.329,1.5,100.0,0,0,False,False,19.7474,19.7474,24.669000000000004,-0.0730000000000004,0.055499999999999994,Safety Improvement (Headway Expanded)
55,119.5617,15.631,38.3273,64.547,4.5768,22.469,3.6549,-4.0,1.5,False,False,119.5617,15.631,73.2995,True,65.3556,89.837,3.3652,0.0,14.6549,21.755,2.7778,-1.223,1.5,87.47,0,0,False,False,27.028299999999994,27.028299999999994,25.290000000000006,-0.7140000000000022,-0.8771,Safety Improvement with Speed Penalty
56,118.6581,19.398,39.9889,93.313,6.0792,29.112,5.7335,-4.0,1.5,False,False,118.6581,19.398,64.863,True,71.0555,116.71,8.5015,0.0,18.7266,28.077,4.6976,-0.895,1.5,74.92,0,0,False,False,31.066599999999994,31.066599999999994,23.39699999999999,-1.0349999999999966,-1.0358999999999998,Safety Improvement with Speed Penalty
57,50.5757,28.581,33.9655,49.38,15.6072,29.591,0.5925,-2.406,1.5,False,False,50.5757,28.581,-21.5873,False,47.2581,73.559,-22.3797,22.3797,16.9421,29.529,0.8057,-2.319,1.5,100.0,3932,0,False,False,13.2926,13.2926,24.178999999999995,-0.062000000000001165,0.21319999999999995,Safety Improvement (Headway Expanded)
58,119.7902,39.145,26.2729,43.06,4.9068,24.608,1.7383,-4.0,1.5,False,False,119.7902,39.145,26.4992,True,46.4548,66.202,0.0005,0.0,14.3702,24.387,1.7733,-2.129,1.5,100.0,0,0,False,False,20.1819,20.1819,23.141999999999996,-0.22100000000000009,0.03500000000000014,Safety Improvement (Headway Expanded)
59,32.2655,28.558,32.2655,37.024,2562.2073,26.665,1.1783,-1.8,1.5,False,False,32.2655,28.558,-39.8499,False,32.2655,38.006,-39.8499,39.8499,inf,26.158,1.6847,-1.8,1.5,75.68,74,0,False,False,0.0,0.0,0.9819999999999993,-0.5069999999999979,0.5064000000000002,No Meaningful Minimum Gap Change
60,28.9004,22.628,26.7909,47.878,10.9664,28.635,0.7213,-3.194,1.5,False,False,28.9004,22.628,-31.3548,False,28.9004,71.659,-31.3548,31.3548,11.9933,28.594,1.0175,-2.963,1.191,100.0,3880,0,False,False,2.1095000000000006,2.1095000000000006,23.781000000000006,-0.04100000000000037,0.2962,Safety Improvement (Headway Expanded)
