Trajectory_ID,Initially_Safe,Minimum_gap_Baseline,Minimum_gap_CBF,delta_s_min,Mean_gap_Baseline,Mean_gap_CBF,delta_s_mean,Mean_speed_Baseline,Mean_speed_CBF,delta_v_mean,Paired_Classification
0,False,36.4414,43.783,7.3416,49.785,72.177,22.39200000000001,29.993,29.853,-0.13999999999999702,Safety Improvement (Headway Expanded)
1,False,29.1336,45.4751,16.341499999999996,49.708,72.114,22.406000000000006,29.911,29.789,-0.12199999999999989,Safety Improvement (Headway Expanded)
2,False,37.0916,57.7504,20.6588,50.569,73.672,23.102999999999994,30.184,30.043,-0.1410000000000018,Safety Improvement (Headway Expanded)
3,True,37.5544,57.9317,20.377299999999998,58.401,83.056,24.654999999999994,30.746,30.603,-0.14299999999999713,Safety Improvement (Headway Expanded)
4,False,27.4463,32.9455,5.499200000000002,42.892,63.53,20.637999999999998,25.414,25.299,-0.11500000000000199,Safety Improvement (Headway Expanded)
5,False,34.8726,34.8726,0.0,46.519,66.016,19.497000000000007,27.896,27.513,-0.3829999999999991,No Meaningful Minimum Gap Change
6,False,-22.4881,-22.4881,0.0,-10.2,-10.2,0.0,23.249,23.249,0.0,Infeasible / Pathological (Initial Overlap)
7,True,43.5397,71.2566,27.716900000000003,60.493,87.156,26.663000000000004,33.538,33.423,-0.11499999999999488,Safety Improvement (Headway Expanded)
8,False,29.574,29.574,0.0,45.608,59.38,13.772000000000006,28.264,27.565,-0.6989999999999981,No Meaningful Minimum Gap Change
9,False,25.5976,33.8012,8.203600000000002,42.938,63.64,20.701999999999998,25.415,25.306,-0.10899999999999821,Safety Improvement (Headway Expanded)
10,False,38.4725,40.8581,2.3856000000000037,53.073,78.427,25.354000000000006,32.02,31.952,-0.06800000000000139,Safety Improvement (Headway Expanded)
11,False,21.8505,21.8505,0.0,43.541,56.197,12.656000000000006,27.7,27.006,-0.6939999999999991,No Meaningful Minimum Gap Change
12,False,24.5697,31.5085,6.9388000000000005,42.81,63.3,20.489999999999995,25.417,25.317,-0.10000000000000142,Safety Improvement (Headway Expanded)
13,False,38.4145,39.6686,1.254100000000001,52.992,78.21,25.217999999999996,31.669,31.604,-0.06500000000000128,Safety Improvement (Headway Expanded)
14,False,33.2941,33.2941,0.0,47.297,65.19,17.893,29.025,28.654,-0.37099999999999866,No Meaningful Minimum Gap Change
15,False,16.5695,16.5695,0.0,38.706,47.933,9.226999999999997,25.146,24.441,-0.7050000000000018,No Meaningful Minimum Gap Change
16,False,16.8115,16.8115,0.0,43.46,60.466,17.006,25.383,25.113,-0.2699999999999996,Actuator Saturation with Safe Recovery
17,False,25.2606,25.2606,0.0,52.536,77.826,25.289999999999992,31.581,31.515,-0.06599999999999895,No Meaningful Minimum Gap Change
18,False,7.7122,7.7122,0.0,16.129,19.161,3.032,9.547,8.838,-0.7090000000000014,No Meaningful Minimum Gap Change
19,False,13.6835,13.6835,0.0,43.078,65.202,22.123999999999995,25.479,25.427,-0.0519999999999996,No Meaningful Minimum Gap Change
20,False,0.8757,0.8757,0.0,47.18,70.224,23.044000000000004,28.404,28.327,-0.07699999999999818,No Meaningful Minimum Gap Change
21,False,18.1588,18.3955,0.23669999999999902,19.814,23.286,3.4720000000000013,9.922,9.13,-0.7919999999999998,No Meaningful Minimum Gap Change
22,True,24.017,38.2484,14.231399999999997,45.461,68.787,23.326000000000008,26.922,26.887,-0.03500000000000014,Safety Improvement (Headway Expanded)
23,False,15.7328,16.2392,0.5064000000000011,18.504,19.853,1.3490000000000002,9.703,9.205,-0.49799999999999933,Safety Improvement (Headway Expanded)
24,False,24.0611,25.3444,1.2833000000000006,45.064,68.177,23.113000000000007,26.716,26.678,-0.038000000000000256,Safety Improvement (Headway Expanded)
25,False,18.1064,30.2023,12.0959,28.197,35.06,6.863000000000003,11.291,10.184,-1.107000000000001,Safety Improvement with Speed Penalty
26,False,16.517,16.517,0.0,43.394,65.754,22.360000000000007,25.656,25.591,-0.06499999999999773,No Meaningful Minimum Gap Change
27,False,31.5768,39.6442,8.0674,49.744,71.628,21.884,30.231,30.065,-0.16600000000000037,Safety Improvement (Headway Expanded)
28,True,32.0231,50.6143,18.5912,46.623,69.656,23.03300000000001,26.446,26.218,-0.22800000000000153,Safety Improvement (Headway Expanded)
29,False,41.252,52.5586,11.306599999999996,50.594,72.839,22.244999999999997,30.466,30.274,-0.19200000000000017,Safety Improvement (Headway Expanded)
30,False,40.3923,52.8518,12.459499999999998,49.619,73.222,23.602999999999994,29.649,29.527,-0.12199999999999989,Safety Improvement (Headway Expanded)
31,False,38.0352,57.2871,19.2519,50.423,74.785,24.361999999999995,30.226,30.159,-0.06700000000000017,Safety Improvement (Headway Expanded)
32,False,37.3269,37.3269,0.0,49.872,71.352,21.480000000000004,30.372,30.196,-0.17599999999999838,No Meaningful Minimum Gap Change
33,False,29.3799,29.3799,0.0,49.117,72.101,22.984,29.643,29.525,-0.1180000000000021,No Meaningful Minimum Gap Change
34,False,29.1706,29.1706,0.0,50.21,74.195,23.984999999999992,30.323,30.255,-0.06800000000000139,No Meaningful Minimum Gap Change
35,False,36.9918,37.051,0.05920000000000414,50.181,74.634,24.453000000000003,30.207,30.171,-0.036000000000001364,No Meaningful Minimum Gap Change
36,False,33.4817,33.4817,0.0,49.856,71.408,21.552,30.413,30.22,-0.1930000000000014,No Meaningful Minimum Gap Change
37,False,19.3501,19.3501,0.0,28.95,29.354,0.4039999999999999,25.393,25.01,-0.3829999999999991,No Meaningful Minimum Gap Change
38,False,37.543,51.1762,13.633200000000002,49.896,73.481,23.584999999999994,29.86,29.727,-0.13299999999999912,Safety Improvement (Headway Expanded)
39,False,10.0728,10.0728,0.0,35.767,35.949,0.18199999999999505,28.909,28.657,-0.2519999999999989,No Meaningful Minimum Gap Change
40,False,35.8704,38.5994,2.7290000000000063,49.921,73.712,23.791000000000004,30.111,30.04,-0.0710000000000015,Safety Improvement (Headway Expanded)
41,False,22.9822,24.6724,1.6902000000000008,38.859,59.488,20.628999999999998,22.575,22.492,-0.08299999999999841,Safety Improvement (Headway Expanded)
42,True,40.4978,62.0668,21.569000000000003,54.861,80.531,25.67000000000001,31.702,31.638,-0.06400000000000006,Safety Improvement (Headway Expanded)
43,False,10.9766,10.9766,0.0,46.936,70.575,23.639000000000003,28.031,27.993,-0.038000000000000256,No Meaningful Minimum Gap Change
44,False,10.2576,10.2576,0.0,46.97,70.622,23.652,28.055,28.018,-0.036999999999999034,No Meaningful Minimum Gap Change
45,False,23.4568,30.5539,7.0970999999999975,34.048,52.645,18.597,19.121,18.973,-0.1479999999999997,Safety Improvement (Headway Expanded)
46,False,7.2899,7.2899,0.0,49.89,74.439,24.548999999999992,30.042,29.996,-0.04600000000000293,No Meaningful Minimum Gap Change
47,False,33.0427,33.0427,0.0,51.035,75.817,24.781999999999996,30.782,30.745,-0.036999999999999034,No Meaningful Minimum Gap Change
48,False,33.0619,51.7079,18.646,51.435,75.969,24.533999999999992,30.964,30.885,-0.07899999999999707,Safety Improvement (Headway Expanded)
49,False,36.3805,56.3211,19.940600000000003,51.165,75.774,24.609,30.664,30.592,-0.07200000000000273,Safety Improvement (Headway Expanded)
50,False,27.1539,27.1539,0.0,50.917,75.052,24.135000000000005,30.841,30.769,-0.07200000000000273,No Meaningful Minimum Gap Change
51,False,23.3907,23.3907,0.0,50.444,74.451,24.00699999999999,30.557,30.485,-0.07199999999999918,Actuator Saturation with Safe Recovery
52,False,29.8918,38.9875,9.095699999999997,51.092,75.902,24.810000000000002,30.796,30.759,-0.036999999999999034,Safety Improvement (Headway Expanded)
53,False,28.0373,28.0373,0.0,49.078,71.711,22.632999999999996,29.712,29.562,-0.14999999999999858,No Meaningful Minimum Gap Change
54,True,35.1528,54.9002,19.7474,49.653,74.322,24.669000000000004,29.018,28.945,-0.0730000000000004,Safety Improvement (Headway Expanded)
55,True,38.3273,65.3556,27.028299999999994,64.547,89.837,25.290000000000006,22.469,21.755,-0.7140000000000022,Safety Improvement with Speed Penalty
56,True,39.9889,71.0555,31.066599999999994,93.313,116.71,23.39699999999999,29.112,28.077,-1.0349999999999966,Safety Improvement with Speed Penalty
57,False,33.9655,47.2581,13.2926,49.38,73.559,24.178999999999995,29.591,29.529,-0.062000000000001165,Safety Improvement (Headway Expanded)
58,True,26.2729,46.4548,20.1819,43.06,66.202,23.141999999999996,24.608,24.387,-0.22100000000000009,Safety Improvement (Headway Expanded)
59,False,32.2655,32.2655,0.0,37.024,38.006,0.9819999999999993,26.665,26.158,-0.5069999999999979,No Meaningful Minimum Gap Change
60,False,26.7909,28.9004,2.1095000000000006,47.878,71.659,23.781000000000006,28.635,28.594,-0.04100000000000037,Safety Improvement (Headway Expanded)
