Trajectory_ID,Sample_Count,Duration_s,Initial_Gap_m,Initial_Ego_Speed_ms,Initial_Lead_Speed_ms,Initial_Delta_V_ms,Initial_h_m,Initially_Safe,Is_Stress_Anomaly,Min_Raw_Gap_m,Mean_Raw_Gap_m,Mean_Raw_Speed_ms
0,1454,145.3,43.783,32.07,32.257,0.187,-35.3571,False,False,19.7261,36.997,29.798
1,1454,145.3,45.565,32.336,32.07,-0.266,-34.1062,False,False,24.2277,46.897,30.007
2,1454,145.3,63.0459,33.609,32.336,-1.274,-19.1723,False,False,20.6939,37.455,30.209
3,1454,145.3,115.6639,24.689,33.609,8.92,51.2866,True,False,17.8933,43.722,30.218
4,1680,167.9,32.9455,25.727,25.971,0.244,-33.5083,False,False,10.1394,35.527,25.402
5,625,62.4,34.8726,22.29,22.854,0.564,-24.708,False,False,0.095,32.893,28.585
6,92,9.1,0.0323,35.825,27.144,-8.681,-86.6176,False,True,0.0323,54.152,38.295
7,2076,207.5,119.538,24.244,35.901,11.657,56.0502,True,False,1.9908,42.872,32.337
8,326,32.5,29.574,25.412,27.838,2.426,-36.2498,False,False,29.574,36.631,28.546
9,1680,167.9,33.8012,25.425,25.727,0.302,-32.0481,False,False,17.317,38.499,25.377
10,3412,341.1,40.8581,21.057,22.29,1.233,-16.2557,False,False,19.1779,45.501,32.054
11,326,32.5,21.8505,25.261,25.412,0.151,-43.6721,False,False,21.8505,39.406,27.983
12,1680,167.9,34.5827,27.787,25.425,-2.363,-35.992,False,False,14.4532,45.393,25.579
13,3742,374.1,39.6686,15.36,21.057,5.697,-6.0507,False,False,23.586,60.222,31.644
14,575,57.4,35.311,29.25,27.787,-1.462,-38.1884,False,False,0.2847,42.512,29.677
15,225,22.4,16.5745,21.569,21.518,-0.05,-41.5631,False,False,0.3131,38.803,27.136
16,663,66.2,33.0918,27.572,19.053,-8.519,-37.0524,False,False,0.4232,39.267,25.795
17,3742,374.1,25.2606,10.329,15.36,5.031,-10.3973,False,False,25.2606,48.279,31.72
18,112,11.1,7.7122,7.519,8.718,1.199,-22.3261,False,False,7.7122,11.268,9.879
19,3935,393.4,14.0955,11.902,11.247,-0.655,-24.7088,False,False,0.1209,32.672,25.526
20,3262,326.1,0.8757,20.158,21.929,1.771,-54.4404,False,False,0.2147,41.014,28.676
21,112,11.1,22.2935,10.641,7.519,-3.122,-13.9892,False,False,20.0175,28.114,8.637
22,7244,724.3,41.8649,12.865,11.902,-0.963,1.1351,True,False,13.9514,44.443,26.759
23,112,11.1,30.6342,15.987,10.641,-5.346,-16.3399,False,False,6.2254,12.552,10.176
24,7244,724.3,25.3444,11.682,12.865,1.183,-13.02,False,False,10.1439,30.357,26.804
25,112,11.1,30.6915,10.056,15.987,5.931,-4.4197,False,False,11.6956,29.212,11.898
26,4336,433.5,16.517,10.041,11.682,1.641,-18.5654,False,False,6.5823,27.357,25.678
27,1469,146.8,42.1953,38.147,36.077,-2.07,-49.0983,False,False,0.3346,34.471,29.749
28,1231,123.0,119.9274,36.266,27.112,-9.154,32.3961,True,False,10.2941,33.712,26.444
29,1243,124.2,52.5586,35.268,36.104,0.835,-32.9778,False,False,27.5188,44.408,30.403
30,2068,206.7,52.8518,27.525,28.74,1.216,-17.1973,False,False,25.1833,42.553,29.736
31,3745,374.4,57.2871,31.125,32.679,1.555,-19.9626,False,False,20.2349,42.956,30.38
32,1243,124.2,37.5451,35.771,35.268,-0.503,-48.9977,False,False,15.8913,30.954,30.444
33,2068,206.7,29.3799,26.983,27.525,0.542,-39.5855,False,False,15.2069,32.108,29.839
34,3745,374.4,29.2171,31.59,31.125,-0.465,-48.9624,False,False,9.0538,34.863,30.37
35,7061,706.0,37.051,35.452,35.771,0.319,-48.8532,False,False,15.5137,31.527,30.17
36,1263,126.2,33.4817,34.534,35.452,0.918,-50.5855,False,False,14.2589,28.668,30.585
37,84,8.3,20.1632,29.905,29.12,-0.786,-54.6473,False,False,17.3721,32.791,23.867
38,1982,198.1,51.1762,27.728,29.416,1.687,-19.2806,False,False,12.9967,29.094,29.9
39,103,10.2,10.1056,31.947,31.824,-0.123,-68.7879,False,False,10.1056,32.068,32.904
40,3613,361.2,38.7386,35.698,35.423,-0.274,-47.657,False,False,13.6043,29.295,30.144
41,2734,273.3,24.6724,11.61,12.922,1.312,-13.5471,False,False,0.3215,42.195,23.285
42,3990,398.9,119.2318,26.502,36.871,10.369,51.227,True,False,0.2579,34.807,31.164
43,6975,697.4,11.2662,12.177,11.61,-0.567,-28.0869,False,False,9.6316,42.959,28.117
44,6975,697.4,10.2576,12.029,12.177,0.148,-28.7995,False,False,7.8202,27.884,28.033
45,1312,131.1,30.5539,9.931,12.029,2.098,-4.3079,False,False,13.6755,23.775,19.375
46,5659,565.8,12.9714,15.296,11.948,-3.347,-32.6202,False,False,10.5488,33.492,30.126
47,7241,724.0,33.0712,32.885,32.766,-0.119,-47.6988,False,False,16.9467,35.87,30.806
48,3496,349.5,53.5515,32.818,32.885,0.067,-27.0845,False,False,15.4202,45.833,30.904
49,3740,373.9,65.3923,32.972,36.018,3.046,-15.5508,False,False,17.5793,43.232,30.637
50,3496,349.5,27.2407,33.042,32.818,-0.224,-53.8424,False,False,12.435,30.698,31.011
51,3740,373.9,25.6363,36.485,32.972,-3.513,-62.3332,False,False,12.6337,29.311,30.628
52,7241,724.0,39.1288,33.322,33.042,-0.28,-42.5147,False,False,10.5802,35.756,30.752
53,1664,166.3,28.9603,26.137,25.293,-0.844,-38.3134,False,False,0.0067,39.804,29.305
54,3075,307.4,119.8219,30.417,26.279,-4.138,43.9873,True,False,0.408,33.124,29.575
55,359,35.8,119.5617,15.631,29.018,13.387,73.2995,True,False,69.9486,88.366,20.226
56,299,29.8,118.6581,19.398,34.1,14.702,64.863,True,False,0.9211,46.104,21.452
57,4889,488.8,50.5757,28.581,26.137,-2.445,-21.5873,False,False,15.25,33.639,29.475
58,1084,108.3,119.7902,39.145,35.673,-3.472,26.4992,True,False,10.405,41.121,24.651
59,74,7.3,32.2655,28.558,28.581,0.024,-39.8499,False,False,27.745,30.501,28.428
60,5928,592.7,28.9004,22.628,25.424,2.797,-31.3548,False,False,0.1202,40.83,28.592
