Trajectory_ID,Initial_gap,ACC_collision,CBF_collision,CBF_interventions,CBF_infeasible
0,43.78300314902616,True,False,1049,0
1,45.56495364202842,True,False,1034,0
2,63.04594869507012,True,False,384,0
3,115.66393792177604,False,False,0,0
4,32.945518063667485,False,False,0,0
5,34.87260653260842,False,False,0,0
6,0.0322646215739965,True,True,1,1
7,119.53804907894671,False,False,0,0
8,29.574006174458056,False,False,0,0
9,33.8012035339084,False,False,0,0
10,40.85813075285936,False,False,0,0
11,21.85054547707735,False,False,0,0
12,34.582746705660554,False,False,8,0
13,39.66857349856436,False,False,0,0
14,35.310961379293225,False,False,12,0
15,16.574509303197104,False,False,0,0
16,33.091797179688456,False,False,10,0
17,25.26061889156354,False,False,0,0
18,7.712155822775108,False,False,0,0
19,14.0954879899268,False,False,0,0
20,0.8757416870338377,False,False,0,0
21,22.29346694206,False,False,0,0
22,41.86491817513728,False,False,0,0
23,30.634216042378675,False,False,0,0
24,25.34439551380317,False,False,0,0
25,30.69154761437663,False,False,0,0
26,16.517009536562,False,False,0,0
27,42.1952998127856,True,False,388,0
28,119.92737958367188,True,False,92,0
29,52.55861678749864,True,False,673,0
30,52.85176035517926,False,False,0,0
31,57.28707649311182,True,False,465,0
32,37.54513576862421,True,False,706,0
33,29.379946251248388,False,False,1,0
34,29.21709844477588,True,False,20,0
35,37.05096830015958,True,False,706,0
36,33.48174255490975,True,False,729,0
37,20.16315358682721,False,False,14,0
38,51.17623692714819,False,False,0,0
39,10.105569863915768,True,False,18,0
40,38.73860704334152,True,False,379,0
41,24.67236998089222,False,False,0,0
42,119.23180176368696,False,False,0,0
43,11.266175409014128,False,False,0,0
44,10.257580863142977,False,False,0,0
45,30.55386206719772,False,False,0,0
46,12.971361123339186,False,False,0,0
47,33.07124630505435,True,False,32,0
48,53.55148162818923,True,False,595,0
49,65.39234337810558,True,False,277,0
50,27.24069282439905,True,False,28,0
51,25.636285964109828,True,False,331,0
52,39.12883282004376,True,False,43,0
53,28.960340744329592,False,False,2,0
54,119.82191744672488,True,False,52,0
55,119.56171553364712,False,False,0,0
56,118.65809559679828,False,False,0,0
57,50.57566318032586,False,False,8,0
58,119.79015358916811,True,False,78,0
59,32.265459992682864,False,False,7,0
60,28.90043341020372,False,False,0,0
