Trajectory_ID,ACC_collision,CBF_collision,Collision_prevented,ACC_min_gap,CBF_min_gap,ACC_min_TTC,CBF_min_TTC,ACC_mean_gap,CBF_mean_gap,ACC_mean_speed,CBF_mean_speed,ACC_speed_error,CBF_speed_error,CBF_intervention_percent,ACC_unsafe_percent,CBF_unsafe_percent,CBF_infeasible_samples,gap_improvement
0,True,False,True,0.1888102526853516,43.78300314902616,0.0147435767969236,,30.08004033337095,51.11037379932658,38.65520432663265,30.4203145712048,5.978794313786671,2.2641608133478943,41.891891891891895,100.0,100.0,0,43.59419289634081
1,True,False,True,-0.221097202115287,45.54759133126649,0.0836903778294075,171.60206749931388,30.415245620089404,51.7701773015503,38.92831476247829,30.404506785943763,6.446818623413858,2.0863651702647954,47.22222222222222,100.0,100.0,0,45.76868853338178
2,True,False,True,-0.8156063439636434,62.44472889813473,0.0482779165839671,49.50404123153836,40.17292993879654,65.09539029485553,41.078605317704834,31.750639451587222,8.511771658473915,0.9905743422243188,100.0,100.0,100.0,0,63.26033524209837
3,False,False,False,115.66393792177604,115.66393792177604,,,2416.9299423165344,2416.9299423165344,0.4084598704982069,0.4084598704982069,29.80025550600919,29.80025550600919,0.0,0.0,0.0,0,0.0
4,False,False,False,32.945518063667485,32.945518063667485,,,2255.1123279829144,2255.1123279829144,0.4207583697916194,0.4207583697916194,24.99886866555787,24.99886866555787,0.0,1.5476190476190477,1.5476190476190477,0,0.0
5,False,False,False,34.87260653260842,34.87260653260842,,,866.2653825668502,866.2653825668502,0.6603752299556032,0.6603752299556032,27.425145547670365,27.425145547670365,0.0,2.56,2.56,0,0.0
6,True,True,False,0.0322646215739965,0.0322646215739965,0.0037165036000893,0.0037165036000893,0.0322646215739965,0.0322646215739965,35.82494935965882,35.82494935965882,8.681444993950905,8.681444993950905,100.0,100.0,100.0,1,0.0
7,False,False,False,119.53804907894671,119.53804907894671,,,3491.0811403358894,3491.0811403358894,0.2665443055113482,0.2665443055113482,32.92513590050281,32.92513590050281,0.0,0.0,0.0,0,0.0
8,False,False,False,29.574006174458056,29.574006174458056,,,439.06022935907055,439.06022935907055,2.0534842298363714,2.0534842298363714,26.791140534330665,26.791140534330665,0.0,7.668711656441718,7.668711656441718,0,0.0
9,False,False,False,33.8012035339084,33.8012035339084,,,2252.8411798776215,2252.8411798776215,0.39934736746049837,0.39934736746049837,25.002325706579427,25.002325706579427,0.0,1.488095238095238,1.488095238095238,0,0.0
10,False,False,False,40.85813075285936,40.85813075285936,,,5402.426855781552,5402.426855781552,0.10145459117588229,0.10145459117588229,31.932848317302184,31.932848317302184,0.0,0.3223915592028136,0.3223915592028136,0,0.0
11,False,False,False,21.85054547707735,21.85054547707735,,,422.8815389582144,422.8815389582144,2.00181824193845,2.00181824193845,26.544625374445857,26.544625374445857,0.0,8.588957055214724,8.588957055214724,0,0.0
12,False,False,False,32.3880584873828,33.39456060627969,14.636808993985554,14.636808993985554,2208.4294197880217,2222.3780322425373,0.6371013842126727,0.5534355334042864,24.767607174351195,24.839315467885136,0.4761904761904762,2.4404761904761907,2.083333333333333,0,1.00650211889689
13,False,False,False,39.66857349856436,39.66857349856436,,,5949.5301665807465,5949.5301665807465,0.04196934340263621,0.04196934340263621,31.650691009696416,31.650691009696416,0.0,0.08017103153393908,0.08017103153393908,0,0.0
14,False,False,False,30.805903976861146,34.79256595965865,21.16624591330399,24.1468274651558,689.3695008702927,736.3156474944121,2.967108814109751,2.0836499136811066,26.268023286014408,27.009575229381145,2.086956521739131,11.130434782608695,7.478260869565218,0,3.986661982797507
15,False,False,False,16.574509303197104,16.574509303197104,329.5610140410904,329.5610140410904,276.12316202785723,276.12316202785723,1.654110346423673,1.654110346423673,24.377064778128954,24.377064778128954,0.0,9.333333333333334,9.333333333333334,0,0.0
16,False,False,False,19.18059699379752,26.27115373897521,3.8286880123994536,3.8846387218725287,815.6818187558024,846.32859419693,1.5347995445808162,1.0558008877961607,24.205294754543136,24.47121784352533,1.5082956259426847,7.088989441930618,4.97737556561086,0,7.090556745177693
17,False,False,False,25.26061889156354,25.26061889156354,,,5905.051798889805,5905.051798889805,0.0192080529545686,0.0192080529545686,31.624863087452518,31.624863087452518,0.0,0.13361838588989847,0.13361838588989847,0,0.0
18,False,False,False,7.712155822775108,7.712155822775108,,,62.56916747818884,62.56916747818884,0.34992086323866356,0.34992086323866356,10.49042791484741,10.49042791484741,0.0,10.714285714285714,10.714285714285714,0,0.0
19,False,False,False,14.069988069658429,14.069988069658429,21.51985518787501,21.51985518787501,4507.334357731163,4507.334357731163,0.024023332666555174,0.024023332666555174,25.5173776189262,25.5173776189262,0.0,0.3303684879288437,0.3303684879288437,0,0.0
20,False,False,False,0.8757416870338377,0.8757416870338377,,,4889.472472631653,4889.472472631653,0.09357549660348394,0.09357549660348394,28.4608797863247,28.4608797863247,0.0,0.7050889025137952,0.7050889025137952,0,0.0
21,False,False,False,21.70244894713529,21.70244894713529,7.140300238115866,7.140300238115866,67.95187368698673,67.95187368698673,0.6801645855948601,0.6801645855948601,9.333297970952726,9.333297970952726,0.0,8.035714285714286,8.035714285714286,0,0.0
22,False,False,False,41.80863925888212,41.80863925888212,43.48295535876878,43.48295535876878,9389.093163658858,9389.093163658858,0.015171655394624187,0.015171655394624187,26.91997950032406,26.91997950032406,0.0,0.0,0.0,0,0.0
23,False,False,False,28.590692725045084,28.590692725045084,5.730579088642406,5.730579088642406,65.02760117454729,65.02760117454729,1.530652852374965,1.530652852374965,7.526417166798761,7.526417166798761,0.0,10.714285714285714,10.714285714285714,0,0.0
24,False,False,False,25.34439551380317,25.34439551380317,,,9323.681834513602,9323.681834513602,0.012594275800802366,0.012594275800802366,26.746797081583008,26.746797081583008,0.0,0.0966316951960243,0.0966316951960243,0,0.0
25,False,False,False,30.69154761437663,30.69154761437663,,,92.38852080516982,92.38852080516982,0.6100267269131041,0.6100267269131041,9.565964609383894,9.565964609383894,0.0,1.7857142857142856,1.7857142857142856,0,0.0
26,False,False,False,16.517009536562,16.517009536562,,,5054.150859606388,5054.150859606388,0.015713904412660327,0.015713904412660327,25.738956940867766,25.738956940867766,0.0,0.20756457564575648,0.20756457564575648,0,0.0
27,True,False,True,0.24484625059905,41.46857150929581,0.0186668325710081,20.3880817993007,26.125380463622665,45.20799172095128,43.546812118057495,33.97329806216977,7.767657863083007,2.1122238915747706,100.0,100.0,100.0,0,41.22372525869676
28,True,False,True,-0.9740755709435024,90.21939366409931,0.0583718687250521,13.10166186929953,68.10692685315296,101.1939291822633,43.76565522994548,31.625906216803656,16.116960814354048,3.9772118012122273,100.0,71.05263157894737,0.0,0,91.19346923504281
29,True,False,True,0.1271602495529147,52.55861678749864,0.0092005632733854,,36.23694649515825,61.95337991656084,43.468230183570874,34.70837529157014,6.450985520355084,2.3750900071297316,100.0,100.0,100.0,0,52.43145653794573
30,False,False,False,52.85176035517926,52.85176035517926,,,3092.023829108296,3092.023829108296,0.4867502817692205,0.4867502817692205,29.160314063526293,29.160314063526293,0.0,1.1121856866537718,1.1121856866537718,0,0.0
31,True,False,True,-0.6319391206271636,57.28707649311182,0.0585896601601611,,43.39584109038363,66.31259285463499,39.22968442632101,31.920641339437935,6.11628009771312,1.6257449655115148,100.0,100.0,100.0,0,57.919015613738985
32,True,False,True,-0.6489159610164668,37.49950337509753,0.0445591478373722,74.61335255602367,24.202082173312057,45.08472484086395,42.071426119451544,33.152368875340954,6.052121093219707,2.8893737728831552,100.0,100.0,100.0,0,38.148419336113996
33,False,False,False,29.379946251248388,29.379946251248388,,,3106.706006632976,3107.053868431054,0.4331460086820729,0.43146154229368167,29.302664181771046,29.304348648159436,0.04835589941972921,1.4990328820116054,1.4990328820116054,0,0.0
34,True,False,True,-0.1476647841494347,29.18401024625607,0.0871019580439005,62.844533633543605,21.921233114785398,42.06445576908344,37.557240064295016,29.083417100594414,4.269488030729623,4.404360043164307,27.397260273972602,100.0,100.0,0,29.331675030405503
35,True,False,True,-0.6619021803720142,37.05096830015958,0.0443351010078868,,24.72823640246326,45.60302385918321,41.952073450927735,33.20379127154946,5.809753284523364,2.9525302227750925,100.0,100.0,100.0,0,37.7128704805316
36,True,False,True,0.2442486652564528,33.48174255490975,0.0219172626641946,,23.34963754928854,43.622483158382195,41.13363667500246,32.77706100495828,5.110162129068485,3.327932959049892,100.0,100.0,100.0,0,33.2374938896533
37,False,False,False,11.865059314470798,20.05831086427897,8.71183487102016,25.66810639741469,15.13987629664372,50.05671009439376,28.662877479200034,14.85294509479597,1.3774204870906634,13.220004357526117,16.666666666666664,100.0,57.14285714285714,0,8.19325154980817
38,False,False,False,51.17623692714819,51.17623692714819,,,2975.2164377424588,2975.2164377424588,0.5324623992448014,0.5324623992448014,29.342694706147864,29.342694706147864,0.0,1.2108980827447022,1.2108980827447022,0,0.0
39,True,False,True,0.4923022691046113,10.105569863915768,0.094859260636697,82.22669759488151,6.977477673751517,16.160604550491747,35.079618048691174,28.299297625889658,2.4468076982842404,4.339657669017969,45.0,100.0,100.0,0,9.613267594811157
40,True,False,True,-0.5334312215059231,38.72375983646051,0.0596749326791219,141.1364037358754,25.337225099708053,44.47942796629197,41.59778090252057,32.66373032456594,6.66693839792364,2.2774893846340407,100.0,100.0,100.0,0,39.25719105796643
41,False,False,False,24.67236998089222,24.67236998089222,,,2835.424150883896,2835.424150883896,0.03297230349139799,0.03297230349139799,22.610871612599816,22.610871612599816,0.0,0.25603511338697876,0.25603511338697876,0,0.0
42,False,False,False,119.23180176368696,119.23180176368696,,,6325.600684820661,6325.600684820661,0.20413923812559898,0.20413923812559898,31.33133299935432,31.33133299935432,0.0,0.0,0.0,0,0.0
43,False,False,False,11.249497912983545,11.249497912983545,19.87768726221548,19.87768726221548,9028.207892155922,9028.207892155922,0.01416837691183862,0.01416837691183862,28.080258866245373,28.080258866245373,0.0,0.2007168458781362,0.2007168458781362,0,0.0
44,False,False,False,10.257580863142977,10.257580863142977,,,9039.189947878569,9039.189947878569,0.013828908436375936,0.013828908436375936,28.1027094607324,28.1027094607324,0.0,0.2007168458781362,0.2007168458781362,0,0.0
45,False,False,False,30.55386206719772,30.55386206719772,,,1172.1593203709401,1172.1593203709401,0.05083973665665727,0.05083973665665727,19.063049717207686,19.063049717207686,0.0,0.22865853658536583,0.22865853658536583,0,0.0
46,False,False,False,12.212445956587466,12.212445956587466,3.874949317917895,3.874949317917895,8239.844548482773,8239.844548482773,0.027505098460104353,0.027505098460104353,30.08845387653823,30.08845387653823,0.0,0.3180773988337162,0.3180773988337162,0,0.0
47,True,False,True,0.1915902796209556,33.07124630505435,0.0173413407952077,278.58656866095924,22.016837697857138,39.87688983158238,38.57074912527334,30.12589680120337,5.567624883893785,2.8811844682631227,53.333333333333336,100.0,100.0,0,32.8796560254334
48,True,False,True,0.4503329993013638,53.55148162818923,0.0314313612859054,,35.88067205175256,58.503610991352204,39.97416000607245,31.28299930391247,7.1760042090626,1.5169439469280213,100.0,100.0,100.0,0,53.10114862888786
49,True,False,True,-0.036195134540788,65.39234337810558,0.098470599876022,,47.99128314357891,71.66502882995228,41.78710689832718,33.46058278841087,7.836220861127284,1.0436475139102401,100.0,100.0,100.0,0,65.42853851264637
50,True,False,True,-0.331340043701988,27.23236016024421,0.0686975870254992,121.87109829663837,17.8311419394618,33.31145819480823,38.08409235689583,29.778279035583562,5.30364704698202,3.0106010114171045,52.83018867924528,100.0,100.0,0,27.563700203946198
51,True,False,True,0.4914122880439018,24.79520814022765,0.0510442031285645,7.297194219028218,15.493291938185317,29.592080112564343,40.884765606284596,32.407993085049775,5.703909503651537,3.192891230246168,100.0,100.0,100.0,0,24.30379585218375
52,True,False,True,0.3514191474636503,39.11213709958631,0.0280109157706828,139.6210503174697,25.814530265970703,44.46736923321106,39.24036793183211,30.62912321134991,6.46495079115294,2.1574662900511914,70.49180327868852,100.0,100.0,0,38.76071795212266
53,False,False,False,28.75108308646749,28.777175493896223,34.31061346519045,34.31061346519045,2356.29182404556,2357.0356202881117,0.45715193637384066,0.4526705287976643,29.378662228188947,29.382866850313892,0.1201923076923077,1.8629807692307692,1.8629807692307692,0,0.026092407428734532
54,True,False,True,-1.4377175342070063,92.44094721726402,0.0339383932683678,27.85259225254045,76.69708624073454,101.50754994382122,37.14454351339936,28.660355682502974,10.567619841228376,2.668826934986648,44.827586206896555,50.86206896551724,0.0,0,93.87866475147104
55,False,False,False,119.56171553364712,119.56171553364712,,,457.42042168269364,457.42042168269364,0.45439378652906787,0.45439378652906787,19.79012361921727,19.79012361921727,0.0,0.0,0.0,0,0.0
56,False,False,False,118.65809559679828,118.65809559679828,,,518.895141614046,518.895141614046,0.9186552222730224,0.9186552222730224,25.56177496012112,25.56177496012112,0.0,0.0,0.0,0,0.0
57,False,False,False,47.48386286837246,48.98221355033114,20.68841173822836,20.68841173822836,7102.298808404714,7121.935811628673,0.27159777002508856,0.23163637074801366,29.36285467814795,29.39663265273119,0.16363264471262018,0.8795254653303334,0.7158928206177132,0,1.4983506819586765
58,True,False,True,-1.6500632907707082,83.29646872751151,0.0468073501950954,15.206467605740412,74.95618724031056,102.24969010977335,46.145478984007106,33.99966376673439,17.44584492056842,5.300029703295713,100.0,67.6056338028169,0.0,0,84.94653201828221
59,False,False,False,32.265459992682864,32.265459992682864,,,50.954467342209355,56.798244807888715,17.81185887550705,15.860269725750632,10.03068408869755,11.982273238453965,9.45945945945946,62.16216216216216,54.054054054054056,0,0.0
60,False,False,False,28.90043341020372,28.90043341020372,,,8724.600979299303,8724.600979299303,0.07312968115424336,0.07312968115424336,28.591282730709352,28.591282730709352,0.0,0.30364372469635625,0.30364372469635625,0,0.0
