Trajectory_ID,Initial_gap,Initially_unsafe,ACC_collision,CBF_collision,CBF_interventions,CBF_infeasible_samples
0,43.78300314902616,False,False,False,1041,0
1,45.56495364202842,False,False,False,1047,0
2,63.04594869507012,False,False,False,887,0
3,115.66393792177604,False,False,False,1293,0
4,32.945518063667485,False,False,False,925,0
5,34.87260653260842,False,False,False,262,0
6,0.0322646215739965,True,True,True,0,1
7,119.53804907894671,False,False,False,1276,0
8,29.574006174458056,False,False,False,0,0
9,33.8012035339084,False,False,False,906,0
10,40.85813075285936,False,False,False,1515,0
11,21.85054547707735,False,False,False,0,0
12,34.582746705660554,False,False,False,874,0
13,39.66857349856436,False,False,False,1693,0
14,35.310961379293225,False,False,False,81,0
15,16.574509303197104,False,False,False,27,0
16,33.091797179688456,False,False,False,384,0
17,25.26061889156354,False,False,False,1860,0
18,7.712155822775108,False,False,False,0,0
19,14.0954879899268,False,False,False,1297,0
20,0.8757416870338377,False,False,False,1527,0
21,22.29346694206,False,False,False,0,0
22,41.86491817513728,False,False,False,3420,0
23,30.634216042378675,False,False,False,0,0
24,25.34439551380317,False,False,False,3194,0
25,30.69154761437663,False,False,False,0,0
26,16.517009536562,False,False,False,1717,0
27,42.1952998127856,False,False,False,508,0
28,119.92737958367188,False,False,False,925,0
29,52.55861678749864,False,False,False,810,0
30,52.85176035517926,False,False,False,898,0
31,57.28707649311182,False,False,False,1860,0
32,37.54513576862421,False,False,False,875,0
33,29.379946251248388,False,False,False,863,0
34,29.21709844477588,False,False,False,1878,0
35,37.05096830015958,False,False,False,3998,0
36,33.48174255490975,False,False,False,793,0
37,20.16315358682721,False,False,False,0,0
38,51.17623692714819,False,False,False,1023,0
39,10.105569863915768,False,False,False,0,0
40,38.73860704334152,False,False,False,1951,0
41,24.67236998089222,False,False,False,1075,0
42,119.23180176368696,False,False,False,2378,0
43,11.266175409014128,False,False,False,3297,0
44,10.257580863142977,False,False,False,3365,0
45,30.55386206719772,False,False,False,431,0
46,12.971361123339186,False,False,False,2979,0
47,33.07124630505435,False,False,False,3435,0
48,53.55148162818923,False,False,False,1387,0
49,65.39234337810558,False,False,False,1881,0
50,27.24069282439905,False,False,False,1477,0
51,25.636285964109828,False,False,False,1959,0
52,39.12883282004376,False,False,False,3469,0
53,28.960340744329592,False,False,False,534,0
54,119.82191744672488,False,False,False,1701,0
55,119.56171553364712,False,False,False,318,0
56,118.65809559679828,False,False,False,232,0
57,50.57566318032586,False,False,False,1855,0
58,119.79015358916811,False,False,False,759,0
59,32.265459992682864,False,False,False,0,0
60,28.90043341020372,False,False,False,2352,0
